Region,Building type,Time,value
AUT,Ret,2020,311.4780027066675
AUT,Ret,2021,317.60343698590435
AUT,Ret,2022,323.7288712651412
AUT,Ret,2023,329.8543055443781
AUT,Ret,2024,335.979739823615
AUT,Ret,2025,342.10517410285183
AUT,Ret,2026,348.49188130175384
AUT,Ret,2027,354.87858850065584
AUT,Ret,2028,361.2652956995578
AUT,Ret,2029,367.6520028984598
AUT,Ret,2030,374.0387100973618
AUT,Ret,2031,379.7476536526572
AUT,Ret,2032,385.45659720795265
AUT,Ret,2033,391.16554076324803
AUT,Ret,2034,396.87448431854347
AUT,Ret,2035,402.5834278738389
AUT,Ret,2036,407.61495828789214
AUT,Ret,2037,412.6464887019454
AUT,Ret,2038,417.67801911599867
AUT,Ret,2039,422.7095495300519
AUT,Ret,2040,427.74107994410514
AUT,Ret,2041,432.7167606177887
AUT,Ret,2042,437.69244129147216
AUT,Ret,2043,442.6681219651557
AUT,Ret,2044,447.6438026388392
AUT,Ret,2045,452.61948331252273
AUT,Ret,2046,457.452499490187
AUT,Ret,2047,462.28551566785126
AUT,Ret,2048,467.11853184551546
AUT,Ret,2049,471.9515480231797
AUT,Ret,2050,476.784564200844
BEL,Ret,2020,474.61620568711857
BEL,Ret,2021,487.3142785502506
BEL,Ret,2022,500.0123514133827
BEL,Ret,2023,512.7104242765148
BEL,Ret,2024,525.4084971396468
BEL,Ret,2025,538.1065700027789
BEL,Ret,2026,550.4965092394223
BEL,Ret,2027,562.8864484760655
BEL,Ret,2028,575.2763877127089
BEL,Ret,2029,587.6663269493522
BEL,Ret,2030,600.0562661859956
BEL,Ret,2031,611.8935037426139
BEL,Ret,2032,623.7307412992322
BEL,Ret,2033,635.5679788558506
BEL,Ret,2034,647.4052164124689
BEL,Ret,2035,659.2424539690873
BEL,Ret,2036,670.2644142952903
BEL,Ret,2037,681.2863746214933
BEL,Ret,2038,692.3083349476963
BEL,Ret,2039,703.3302952738993
BEL,Ret,2040,714.3522556001024
BEL,Ret,2041,724.6502897828138
BEL,Ret,2042,734.9483239655253
BEL,Ret,2043,745.2463581482367
BEL,Ret,2044,755.5443923309482
BEL,Ret,2045,765.8424265136597
BEL,Ret,2046,775.6171950599171
BEL,Ret,2047,785.3919636061746
BEL,Ret,2048,795.166732152432
BEL,Ret,2049,804.9415006986895
BEL,Ret,2050,814.716269244947
BGR,Ret,2020,43.5915656632849
BGR,Ret,2021,44.966981968214704
BGR,Ret,2022,46.342398273144504
BGR,Ret,2023,47.71781457807431
BGR,Ret,2024,49.09323088300411
BGR,Ret,2025,50.46864718793392
BGR,Ret,2026,51.82353813932338
BGR,Ret,2027,53.17842909071285
BGR,Ret,2028,54.53332004210232
BGR,Ret,2029,55.88821099349178
BGR,Ret,2030,57.243101944881246
BGR,Ret,2031,58.62553169612193
BGR,Ret,2032,60.00796144736262
BGR,Ret,2033,61.3903911986033
BGR,Ret,2034,62.77282094984398
BGR,Ret,2035,64.15525070108467
BGR,Ret,2036,65.51086684773615
BGR,Ret,2037,66.86648299438764
BGR,Ret,2038,68.22209914103911
BGR,Ret,2039,69.5777152876906
BGR,Ret,2040,70.93333143434208
BGR,Ret,2041,72.25141336869588
BGR,Ret,2042,73.56949530304968
BGR,Ret,2043,74.88757723740346
BGR,Ret,2044,76.20565917175726
BGR,Ret,2045,77.52374110611106
BGR,Ret,2046,78.81494275954483
BGR,Ret,2047,80.10614441297861
BGR,Ret,2048,81.39734606641238
BGR,Ret,2049,82.68854771984616
BGR,Ret,2050,83.97974937327993
CYP,Ret,2020,24.110516349003507
CYP,Ret,2021,25.065162404668982
CYP,Ret,2022,26.01980846033446
CYP,Ret,2023,26.974454515999934
CYP,Ret,2024,27.929100571665412
CYP,Ret,2025,28.883746627330886
CYP,Ret,2026,29.516846283516465
CYP,Ret,2027,30.14994593970204
CYP,Ret,2028,30.783045595887618
CYP,Ret,2029,31.416145252073193
CYP,Ret,2030,32.04924490825877
CYP,Ret,2031,32.70775267079842
CYP,Ret,2032,33.36626043333807
CYP,Ret,2033,34.02476819587772
CYP,Ret,2034,34.68327595841737
CYP,Ret,2035,35.34178372095702
CYP,Ret,2036,36.01371357709924
CYP,Ret,2037,36.68564343324147
CYP,Ret,2038,37.35757328938369
CYP,Ret,2039,38.029503145525915
CYP,Ret,2040,38.701433001668136
CYP,Ret,2041,39.39128716110251
CYP,Ret,2042,40.08114132053689
CYP,Ret,2043,40.77099547997126
CYP,Ret,2044,41.46084963940564
CYP,Ret,2045,42.15070379884001
CYP,Ret,2046,42.85886664808548
CYP,Ret,2047,43.56702949733096
CYP,Ret,2048,44.275192346576425
CYP,Ret,2049,44.9833551958219
CYP,Ret,2050,45.69151804506737
CZE,Ret,2020,167.13663193592814
CZE,Ret,2021,171.25145204077003
CZE,Ret,2022,175.3662721456119
CZE,Ret,2023,179.4810922504538
CZE,Ret,2024,183.59591235529567
CZE,Ret,2025,187.71073246013756
CZE,Ret,2026,191.39337385781053
CZE,Ret,2027,195.0760152554835
CZE,Ret,2028,198.7586566531565
CZE,Ret,2029,202.44129805082946
CZE,Ret,2030,206.12393944850243
CZE,Ret,2031,209.7318445279828
CZE,Ret,2032,213.33974960746318
CZE,Ret,2033,216.94765468694354
CZE,Ret,2034,220.55555976642393
CZE,Ret,2035,224.1634648459043
CZE,Ret,2036,227.71098771490276
CZE,Ret,2037,231.25851058390123
CZE,Ret,2038,234.80603345289967
CZE,Ret,2039,238.35355632189814
CZE,Ret,2040,241.9010791908966
CZE,Ret,2041,245.391029967596
CZE,Ret,2042,248.8809807442954
CZE,Ret,2043,252.37093152099482
CZE,Ret,2044,255.86088229769422
CZE,Ret,2045,259.3508330743936
CZE,Ret,2046,262.7871440844712
CZE,Ret,2047,266.22345509454885
CZE,Ret,2048,269.65976610462644
CZE,Ret,2049,273.0960771147041
CZE,Ret,2050,276.5323881247817
DEU,Ret,2020,2635.589196749459
DEU,Ret,2021,2677.1427212065864
DEU,Ret,2022,2718.6962456637134
DEU,Ret,2023,2760.249770120841
DEU,Ret,2024,2801.803294577968
DEU,Ret,2025,2843.356819035095
DEU,Ret,2026,2879.211630287745
DEU,Ret,2027,2915.0664415403944
DEU,Ret,2028,2950.9212527930435
DEU,Ret,2029,2986.776064045693
DEU,Ret,2030,3022.6308752983427
DEU,Ret,2031,3057.1386139341566
DEU,Ret,2032,3091.6463525699705
DEU,Ret,2033,3126.154091205784
DEU,Ret,2034,3160.661829841598
DEU,Ret,2035,3195.1695684774118
DEU,Ret,2036,3230.73059710391
DEU,Ret,2037,3266.291625730408
DEU,Ret,2038,3301.852654356907
DEU,Ret,2039,3337.413682983405
DEU,Ret,2040,3372.9747116099034
DEU,Ret,2041,3409.139819675025
DEU,Ret,2042,3445.3049277401474
DEU,Ret,2043,3481.470035805269
DEU,Ret,2044,3517.6351438703914
DEU,Ret,2045,3553.800251935513
DEU,Ret,2046,3589.1529814591854
DEU,Ret,2047,3624.5057109828576
DEU,Ret,2048,3659.8584405065303
DEU,Ret,2049,3695.2111700302025
DEU,Ret,2050,3730.5638995538748
DNK,Ret,2020,219.9458854409359
DNK,Ret,2021,225.46061821541795
DNK,Ret,2022,230.9753509899
DNK,Ret,2023,236.49008376438206
DNK,Ret,2024,242.0048165388641
DNK,Ret,2025,247.51954931334615
DNK,Ret,2026,251.27105486167363
DNK,Ret,2027,255.02256041000112
DNK,Ret,2028,258.7740659583286
DNK,Ret,2029,262.5255715066561
DNK,Ret,2030,266.2770770549836
DNK,Ret,2031,269.8149512884161
DNK,Ret,2032,273.35282552184873
DNK,Ret,2033,276.8906997552813
DNK,Ret,2034,280.4285739887139
DNK,Ret,2035,283.9664482221464
DNK,Ret,2036,287.4058133421525
DNK,Ret,2037,290.8451784621586
DNK,Ret,2038,294.28454358216464
DNK,Ret,2039,297.7239087021707
DNK,Ret,2040,301.1632738221768
DNK,Ret,2041,304.67817123117766
DNK,Ret,2042,308.1930686401786
DNK,Ret,2043,311.70796604917945
DNK,Ret,2044,315.22286345818037
DNK,Ret,2045,318.73776086718124
DNK,Ret,2046,322.35224822166344
DNK,Ret,2047,325.9667355761456
DNK,Ret,2048,329.5812229306278
DNK,Ret,2049,333.19571028510995
DNK,Ret,2050,336.81019763959216
ESP,Ret,2020,1014.5218159365295
ESP,Ret,2021,1039.7766828214546
ESP,Ret,2022,1065.0315497063798
ESP,Ret,2023,1090.2864165913047
ESP,Ret,2024,1115.5412834762299
ESP,Ret,2025,1140.796150361155
ESP,Ret,2026,1158.2616708996654
ESP,Ret,2027,1175.7271914381759
ESP,Ret,2028,1193.192711976686
ESP,Ret,2029,1210.6582325151965
ESP,Ret,2030,1228.1237530537069
ESP,Ret,2031,1247.9525041752167
ESP,Ret,2032,1267.7812552967266
ESP,Ret,2033,1287.6100064182365
ESP,Ret,2034,1307.4387575397463
ESP,Ret,2035,1327.2675086612562
ESP,Ret,2036,1347.973112770293
ESP,Ret,2037,1368.6787168793296
ESP,Ret,2038,1389.3843209883664
ESP,Ret,2039,1410.089925097403
ESP,Ret,2040,1430.7955292064398
ESP,Ret,2041,1452.725683652875
ESP,Ret,2042,1474.6558380993101
ESP,Ret,2043,1496.5859925457453
ESP,Ret,2044,1518.5161469921804
ESP,Ret,2045,1540.4463014386156
ESP,Ret,2046,1563.3403951159005
ESP,Ret,2047,1586.2344887931856
ESP,Ret,2048,1609.1285824704705
ESP,Ret,2049,1632.0226761477556
ESP,Ret,2050,1654.9167698250405
EST,Ret,2020,20.778006048116524
EST,Ret,2021,21.334229512403684
EST,Ret,2022,21.890452976690845
EST,Ret,2023,22.446676440978006
EST,Ret,2024,23.002899905265167
EST,Ret,2025,23.559123369552328
EST,Ret,2026,24.20575025363969
EST,Ret,2027,24.852377137727046
EST,Ret,2028,25.499004021814407
EST,Ret,2029,26.145630905901765
EST,Ret,2030,26.792257789989126
EST,Ret,2031,27.353903560068076
EST,Ret,2032,27.915549330147023
EST,Ret,2033,28.477195100225973
EST,Ret,2034,29.03884087030492
EST,Ret,2035,29.60048664038387
EST,Ret,2036,30.087437425744262
EST,Ret,2037,30.574388211104658
EST,Ret,2038,31.06133899646505
EST,Ret,2039,31.548289781825446
EST,Ret,2040,32.03524056718584
EST,Ret,2041,32.441745754339955
EST,Ret,2042,32.848250941494065
EST,Ret,2043,33.25475612864818
EST,Ret,2044,33.66126131580229
EST,Ret,2045,34.06776650295641
EST,Ret,2046,34.40787846816771
EST,Ret,2047,34.747990433379
EST,Ret,2048,35.0881023985903
EST,Ret,2049,35.428214363801594
EST,Ret,2050,35.76832632901289
FIN,Ret,2020,189.60902568946472
FIN,Ret,2021,192.626846936952
FIN,Ret,2022,195.64466818443933
FIN,Ret,2023,198.66248943192662
FIN,Ret,2024,201.68031067941394
FIN,Ret,2025,204.69813192690123
FIN,Ret,2026,207.48358390195722
FIN,Ret,2027,210.26903587701324
FIN,Ret,2028,213.05448785206923
FIN,Ret,2029,215.83993982712525
FIN,Ret,2030,218.62539180218124
FIN,Ret,2031,221.06329720600309
FIN,Ret,2032,223.50120260982493
FIN,Ret,2033,225.93910801364677
FIN,Ret,2034,228.37701341746862
FIN,Ret,2035,230.81491882129046
FIN,Ret,2036,233.18884255337903
FIN,Ret,2037,235.56276628546757
FIN,Ret,2038,237.93669001755615
FIN,Ret,2039,240.3106137496447
FIN,Ret,2040,242.68453748173326
FIN,Ret,2041,245.04198162839734
FIN,Ret,2042,247.3994257750614
FIN,Ret,2043,249.75686992172547
FIN,Ret,2044,252.11431406838952
FIN,Ret,2045,254.4717582150536
FIN,Ret,2046,256.8735315214947
FIN,Ret,2047,259.2753048279358
FIN,Ret,2048,261.6770781343769
FIN,Ret,2049,264.078851440818
FIN,Ret,2050,266.4806247472591
FRA,Ret,2020,1916.5565098667746
FRA,Ret,2021,1949.0525730781117
FRA,Ret,2022,1981.5486362894487
FRA,Ret,2023,2014.0446995007856
FRA,Ret,2024,2046.5407627121226
FRA,Ret,2025,2079.0368259234597
FRA,Ret,2026,2112.635141352532
FRA,Ret,2027,2146.233456781604
FRA,Ret,2028,2179.8317722106767
FRA,Ret,2029,2213.4300876397488
FRA,Ret,2030,2247.0284030688213
FRA,Ret,2031,2275.927207973422
FRA,Ret,2032,2304.8260128780225
FRA,Ret,2033,2333.7248177826227
FRA,Ret,2034,2362.6236226872234
FRA,Ret,2035,2391.522427591824
FRA,Ret,2036,2420.3916326699746
FRA,Ret,2037,2449.260837748125
FRA,Ret,2038,2478.130042826276
FRA,Ret,2039,2506.9992479044267
FRA,Ret,2040,2535.8684529825773
FRA,Ret,2041,2564.8339811747855
FRA,Ret,2042,2593.799509366994
FRA,Ret,2043,2622.765037559202
FRA,Ret,2044,2651.7305657514103
FRA,Ret,2045,2680.6960939436185
FRA,Ret,2046,2710.149955354266
FRA,Ret,2047,2739.6038167649135
FRA,Ret,2048,2769.057678175561
FRA,Ret,2049,2798.5115395862085
FRA,Ret,2050,2827.965400996856
GBR,Ret,2020,1.0
GBR,Ret,2021,1.0
GBR,Ret,2022,1.0
GBR,Ret,2023,1.0
GBR,Ret,2024,1.0
GBR,Ret,2025,1.0
GBR,Ret,2026,1.0
GBR,Ret,2027,1.0
GBR,Ret,2028,1.0
GBR,Ret,2029,1.0
GBR,Ret,2030,1.0
GBR,Ret,2031,1.0
GBR,Ret,2032,1.0
GBR,Ret,2033,1.0
GBR,Ret,2034,1.0
GBR,Ret,2035,1.0
GBR,Ret,2036,1.0
GBR,Ret,2037,1.0
GBR,Ret,2038,1.0
GBR,Ret,2039,1.0
GBR,Ret,2040,1.0
GBR,Ret,2041,1.0
GBR,Ret,2042,1.0
GBR,Ret,2043,1.0
GBR,Ret,2044,1.0
GBR,Ret,2045,1.0
GBR,Ret,2046,1.0
GBR,Ret,2047,1.0
GBR,Ret,2048,1.0
GBR,Ret,2049,1.0
GBR,Ret,2050,1.0
GRC,Ret,2020,136.5701860069638
GRC,Ret,2021,139.9120271416703
GRC,Ret,2022,143.2538682763768
GRC,Ret,2023,146.5957094110833
GRC,Ret,2024,149.9375505457898
GRC,Ret,2025,153.2793916804963
GRC,Ret,2026,155.70921340243376
GRC,Ret,2027,158.13903512437125
GRC,Ret,2028,160.5688568463087
GRC,Ret,2029,162.9986785682462
GRC,Ret,2030,165.42850029018365
GRC,Ret,2031,167.54906909030672
GRC,Ret,2032,169.6696378904298
GRC,Ret,2033,171.79020669055288
GRC,Ret,2034,173.91077549067597
GRC,Ret,2035,176.03134429079904
GRC,Ret,2036,178.3302751144633
GRC,Ret,2037,180.62920593812757
GRC,Ret,2038,182.92813676179182
GRC,Ret,2039,185.2270675854561
GRC,Ret,2040,187.52599840912035
GRC,Ret,2041,189.8804209931248
GRC,Ret,2042,192.23484357712925
GRC,Ret,2043,194.5892661611337
GRC,Ret,2044,196.94368874513816
GRC,Ret,2045,199.2981113291426
GRC,Ret,2046,201.67329491831333
GRC,Ret,2047,204.04847850748408
GRC,Ret,2048,206.4236620966548
GRC,Ret,2049,208.79884568582554
GRC,Ret,2050,211.17402927499626
HRV,Ret,2020,42.23556318200287
HRV,Ret,2021,43.82383878296628
HRV,Ret,2022,45.41211438392968
HRV,Ret,2023,47.00038998489309
HRV,Ret,2024,48.58866558585649
HRV,Ret,2025,50.176941186819896
HRV,Ret,2026,51.29595995725135
HRV,Ret,2027,52.41497872768281
HRV,Ret,2028,53.53399749811426
HRV,Ret,2029,54.65301626854572
HRV,Ret,2030,55.77203503897717
HRV,Ret,2031,56.719468904324444
HRV,Ret,2032,57.666902769671715
HRV,Ret,2033,58.61433663501899
HRV,Ret,2034,59.56177050036626
HRV,Ret,2035,60.50920436571353
HRV,Ret,2036,61.27698584819941
HRV,Ret,2037,62.04476733068529
HRV,Ret,2038,62.812548813171176
HRV,Ret,2039,63.580330295657056
HRV,Ret,2040,64.34811177814294
HRV,Ret,2041,64.96893356600076
HRV,Ret,2042,65.58975535385856
HRV,Ret,2043,66.21057714171639
HRV,Ret,2044,66.83139892957419
HRV,Ret,2045,67.45222071743201
HRV,Ret,2046,67.95776932606407
HRV,Ret,2047,68.46331793469614
HRV,Ret,2048,68.96886654332819
HRV,Ret,2049,69.47441515196026
HRV,Ret,2050,69.97996376059231
HUN,Ret,2020,90.37582133228804
HUN,Ret,2021,93.17825957403453
HUN,Ret,2022,95.98069781578103
HUN,Ret,2023,98.78313605752751
HUN,Ret,2024,101.58557429927401
HUN,Ret,2025,104.3880125410205
HUN,Ret,2026,106.94807084617214
HUN,Ret,2027,109.50812915132377
HUN,Ret,2028,112.06818745647541
HUN,Ret,2029,114.62824576162704
HUN,Ret,2030,117.18830406677868
HUN,Ret,2031,119.64041077363086
HUN,Ret,2032,122.09251748048304
HUN,Ret,2033,124.54462418733522
HUN,Ret,2034,126.9967308941874
HUN,Ret,2035,129.44883760103957
HUN,Ret,2036,131.7079232723693
HUN,Ret,2037,133.96700894369903
HUN,Ret,2038,136.22609461502873
HUN,Ret,2039,138.48518028635846
HUN,Ret,2040,140.74426595768819
HUN,Ret,2041,142.79604160433723
HUN,Ret,2042,144.84781725098625
HUN,Ret,2043,146.8995928976353
HUN,Ret,2044,148.95136854428432
HUN,Ret,2045,151.00314419093337
HUN,Ret,2046,152.87980803679417
HUN,Ret,2047,154.75647188265498
HUN,Ret,2048,156.6331357285158
HUN,Ret,2049,158.50979957437661
HUN,Ret,2050,160.38646342023742
IRL,Ret,2020,358.83289047025215
IRL,Ret,2021,381.29483456778365
IRL,Ret,2022,403.75677866531515
IRL,Ret,2023,426.2187227628467
IRL,Ret,2024,448.6806668603782
IRL,Ret,2025,471.1426109579097
IRL,Ret,2026,488.64504460970096
IRL,Ret,2027,506.1474782614922
IRL,Ret,2028,523.6499119132834
IRL,Ret,2029,541.1523455650747
IRL,Ret,2030,558.6547792168659
IRL,Ret,2031,574.1619610025549
IRL,Ret,2032,589.669142788244
IRL,Ret,2033,605.176324573933
IRL,Ret,2034,620.6835063596221
IRL,Ret,2035,636.1906881453111
IRL,Ret,2036,652.4808855407367
IRL,Ret,2037,668.7710829361624
IRL,Ret,2038,685.061280331588
IRL,Ret,2039,701.3514777270137
IRL,Ret,2040,717.6416751224393
IRL,Ret,2041,735.315979776537
IRL,Ret,2042,752.9902844306346
IRL,Ret,2043,770.6645890847323
IRL,Ret,2044,788.3388937388298
IRL,Ret,2045,806.0131983929275
IRL,Ret,2046,825.5169830354696
IRL,Ret,2047,845.0207676780116
IRL,Ret,2048,864.5245523205537
IRL,Ret,2049,884.0283369630956
IRL,Ret,2050,903.5321216056377
ITA,Ret,2020,1507.8477341146413
ITA,Ret,2021,1533.3366942528864
ITA,Ret,2022,1558.8256543911316
ITA,Ret,2023,1584.3146145293765
ITA,Ret,2024,1609.8035746676217
ITA,Ret,2025,1635.2925348058668
ITA,Ret,2026,1651.4776070127557
ITA,Ret,2027,1667.6626792196446
ITA,Ret,2028,1683.8477514265335
ITA,Ret,2029,1700.0328236334224
ITA,Ret,2030,1716.2178958403113
ITA,Ret,2031,1734.0573408383277
ITA,Ret,2032,1751.8967858363444
ITA,Ret,2033,1769.7362308343609
ITA,Ret,2034,1787.5756758323776
ITA,Ret,2035,1805.415120830394
ITA,Ret,2036,1823.465393621427
ITA,Ret,2037,1841.51566641246
ITA,Ret,2038,1859.5659392034931
ITA,Ret,2039,1877.616211994526
ITA,Ret,2040,1895.666484785559
ITA,Ret,2041,1914.0035076641095
ITA,Ret,2042,1932.34053054266
ITA,Ret,2043,1950.6775534212106
ITA,Ret,2044,1969.014576299761
ITA,Ret,2045,1987.3515991783115
ITA,Ret,2046,2005.5710767472492
ITA,Ret,2047,2023.7905543161867
ITA,Ret,2048,2042.0100318851244
ITA,Ret,2049,2060.229509454062
ITA,Ret,2050,2078.4489870229995
LTU,Ret,2020,28.32774720444058
LTU,Ret,2021,29.268154094533305
LTU,Ret,2022,30.20856098462603
LTU,Ret,2023,31.148967874718757
LTU,Ret,2024,32.08937476481148
LTU,Ret,2025,33.029781654904205
LTU,Ret,2026,33.983040521194496
LTU,Ret,2027,34.93629938748479
LTU,Ret,2028,35.88955825377508
LTU,Ret,2029,36.84281712006537
LTU,Ret,2030,37.79607598635566
LTU,Ret,2031,38.56025551473892
LTU,Ret,2032,39.324435043122186
LTU,Ret,2033,40.088614571505445
LTU,Ret,2034,40.85279409988871
LTU,Ret,2035,41.61697362827197
LTU,Ret,2036,42.22668843320395
LTU,Ret,2037,42.83640323813592
LTU,Ret,2038,43.4461180430679
LTU,Ret,2039,44.05583284799987
LTU,Ret,2040,44.66554765293185
LTU,Ret,2041,45.144894231413566
LTU,Ret,2042,45.624240809895284
LTU,Ret,2043,46.103587388376994
LTU,Ret,2044,46.58293396685871
LTU,Ret,2045,47.06228054534043
LTU,Ret,2046,47.41295121633217
LTU,Ret,2047,47.763621887323914
LTU,Ret,2048,48.114292558315654
LTU,Ret,2049,48.4649632293074
LTU,Ret,2050,48.81563390029914
LUX,Ret,2020,143.58615288362498
LUX,Ret,2021,147.73068262536117
LUX,Ret,2022,151.87521236709736
LUX,Ret,2023,156.01974210883353
LUX,Ret,2024,160.16427185056972
LUX,Ret,2025,164.3088015923059
LUX,Ret,2026,169.89777831924275
LUX,Ret,2027,175.48675504617955
LUX,Ret,2028,181.0757317731164
LUX,Ret,2029,186.6647085000532
LUX,Ret,2030,192.25368522699003
LUX,Ret,2031,197.22887396362748
LUX,Ret,2032,202.20406270026493
LUX,Ret,2033,207.1792514369024
LUX,Ret,2034,212.15444017353985
LUX,Ret,2035,217.1296289101773
LUX,Ret,2036,221.46058791795542
LUX,Ret,2037,225.79154692573354
LUX,Ret,2038,230.1225059335117
LUX,Ret,2039,234.4534649412898
LUX,Ret,2040,238.78442394906793
LUX,Ret,2041,242.421256957557
LUX,Ret,2042,246.05808996604608
LUX,Ret,2043,249.6949229745352
LUX,Ret,2044,253.33175598302427
LUX,Ret,2045,256.96858899151334
LUX,Ret,2046,260.1378177282981
LUX,Ret,2047,263.3070464650828
LUX,Ret,2048,266.47627520186757
LUX,Ret,2049,269.64550393865227
LUX,Ret,2050,272.814732675437
LVA,Ret,2020,25.215630905816905
LVA,Ret,2021,25.914232121526588
LVA,Ret,2022,26.61283333723627
LVA,Ret,2023,27.311434552945954
LVA,Ret,2024,28.010035768655634
LVA,Ret,2025,28.708636984365317
LVA,Ret,2026,29.362066288597447
LVA,Ret,2027,30.01549559282958
LVA,Ret,2028,30.66892489706171
LVA,Ret,2029,31.322354201293845
LVA,Ret,2030,31.975783505525975
LVA,Ret,2031,32.54732393153201
LVA,Ret,2032,33.11886435753805
LVA,Ret,2033,33.690404783544096
LVA,Ret,2034,34.261945209550134
LVA,Ret,2035,34.83348563555617
LVA,Ret,2036,35.326122071059764
LVA,Ret,2037,35.81875850656335
LVA,Ret,2038,36.31139494206694
LVA,Ret,2039,36.804031377570524
LVA,Ret,2040,37.296667813074116
LVA,Ret,2041,37.70811487629979
LVA,Ret,2042,38.11956193952546
LVA,Ret,2043,38.53100900275114
LVA,Ret,2044,38.94245606597681
LVA,Ret,2045,39.353903129202486
LVA,Ret,2046,39.72768408969899
LVA,Ret,2047,40.1014650501955
LVA,Ret,2048,40.475246010692004
LVA,Ret,2049,40.849026971188515
LVA,Ret,2050,41.22280793168502
MLT,Ret,2020,20.24276692348832
MLT,Ret,2021,21.407908463629692
MLT,Ret,2022,22.573050003771066
MLT,Ret,2023,23.738191543912443
MLT,Ret,2024,24.903333084053816
MLT,Ret,2025,26.06847462419519
MLT,Ret,2026,27.177393184122188
MLT,Ret,2027,28.286311744049186
MLT,Ret,2028,29.395230303976184
MLT,Ret,2029,30.50414886390318
MLT,Ret,2030,31.613067423830177
MLT,Ret,2031,32.73896533741804
MLT,Ret,2032,33.86486325100589
MLT,Ret,2033,34.99076116459375
MLT,Ret,2034,36.116659078181605
MLT,Ret,2035,37.24255699176946
MLT,Ret,2036,38.290339919313226
MLT,Ret,2037,39.33812284685699
MLT,Ret,2038,40.385905774400754
MLT,Ret,2039,41.43368870194452
MLT,Ret,2040,42.48147162948828
MLT,Ret,2041,43.442424751724765
MLT,Ret,2042,44.40337787396125
MLT,Ret,2043,45.36433099619774
MLT,Ret,2044,46.32528411843422
MLT,Ret,2045,47.2862372406707
MLT,Ret,2046,48.17078459454988
MLT,Ret,2047,49.05533194842905
MLT,Ret,2048,49.93987930230823
MLT,Ret,2049,50.8244266561874
MLT,Ret,2050,51.70897401006658
NLD,Ret,2020,764.8296336181911
NLD,Ret,2021,784.1527735203301
NLD,Ret,2022,803.4759134224691
NLD,Ret,2023,822.7990533246082
NLD,Ret,2024,842.1221932267472
NLD,Ret,2025,861.4453331288862
NLD,Ret,2026,881.0666279867717
NLD,Ret,2027,900.6879228446571
NLD,Ret,2028,920.3092177025425
NLD,Ret,2029,939.9305125604279
NLD,Ret,2030,959.5518074183134
NLD,Ret,2031,977.4671966834347
NLD,Ret,2032,995.3825859485561
NLD,Ret,2033,1013.2979752136773
NLD,Ret,2034,1031.2133644787987
NLD,Ret,2035,1049.12875374392
NLD,Ret,2036,1066.3880205477356
NLD,Ret,2037,1083.6472873515509
NLD,Ret,2038,1100.9065541553664
NLD,Ret,2039,1118.1658209591817
NLD,Ret,2040,1135.4250877629972
NLD,Ret,2041,1152.1966354669719
NLD,Ret,2042,1168.9681831709465
NLD,Ret,2043,1185.739730874921
NLD,Ret,2044,1202.5112785788956
NLD,Ret,2045,1219.2828262828702
NLD,Ret,2046,1235.5902771838742
NLD,Ret,2047,1251.8977280848783
NLD,Ret,2048,1268.2051789858822
NLD,Ret,2049,1284.5126298868863
NLD,Ret,2050,1300.8200807878902
POL,Ret,2020,353.3316557382694
POL,Ret,2021,367.82080230505835
POL,Ret,2022,382.30994887184727
POL,Ret,2023,396.79909543863624
POL,Ret,2024,411.28824200542516
POL,Ret,2025,425.77738857221414
POL,Ret,2026,440.00937798294166
POL,Ret,2027,454.2413673936692
POL,Ret,2028,468.47335680439664
POL,Ret,2029,482.70534621512417
POL,Ret,2030,496.9373356258517
POL,Ret,2031,510.46806246453156
POL,Ret,2032,523.9987893032114
POL,Ret,2033,537.5295161418913
POL,Ret,2034,551.0602429805712
POL,Ret,2035,564.5909698192511
POL,Ret,2036,577.3876899700902
POL,Ret,2037,590.1844101209292
POL,Ret,2038,602.9811302717684
POL,Ret,2039,615.7778504226075
POL,Ret,2040,628.5745705734465
POL,Ret,2041,639.2175636001574
POL,Ret,2042,649.8605566268682
POL,Ret,2043,660.5035496535791
POL,Ret,2044,671.1465426802898
POL,Ret,2045,681.7895357070007
POL,Ret,2046,691.2501859849306
POL,Ret,2047,700.7108362628603
POL,Ret,2048,710.1714865407902
POL,Ret,2049,719.6321368187199
POL,Ret,2050,729.0927870966498
PRT,Ret,2020,170.29784488097422
PRT,Ret,2021,174.62742965317616
PRT,Ret,2022,178.9570144253781
PRT,Ret,2023,183.28659919758002
PRT,Ret,2024,187.61618396978196
PRT,Ret,2025,191.9457687419839
PRT,Ret,2026,195.07960981435005
PRT,Ret,2027,198.2134508867162
PRT,Ret,2028,201.34729195908236
PRT,Ret,2029,204.4811330314485
PRT,Ret,2030,207.61497410381466
PRT,Ret,2031,210.87021974132816
PRT,Ret,2032,214.12546537884165
PRT,Ret,2033,217.38071101635515
PRT,Ret,2034,220.63595665386865
PRT,Ret,2035,223.89120229138214
PRT,Ret,2036,227.23953368986525
PRT,Ret,2037,230.58786508834837
PRT,Ret,2038,233.93619648683148
PRT,Ret,2039,237.2845278853146
PRT,Ret,2040,240.6328592837977
PRT,Ret,2041,243.98073681566618
PRT,Ret,2042,247.32861434753465
PRT,Ret,2043,250.6764918794031
PRT,Ret,2044,254.02436941127158
PRT,Ret,2045,257.37224694314006
PRT,Ret,2046,260.73451722045155
PRT,Ret,2047,264.09678749776305
PRT,Ret,2048,267.45905777507454
PRT,Ret,2049,270.82132805238604
PRT,Ret,2050,274.18359832969753
ROU,Ret,2020,124.84626286084229
ROU,Ret,2021,129.80911023140004
ROU,Ret,2022,134.7719576019578
ROU,Ret,2023,139.73480497251555
ROU,Ret,2024,144.6976523430733
ROU,Ret,2025,149.66049971363105
ROU,Ret,2026,153.58438056877236
ROU,Ret,2027,157.5082614239137
ROU,Ret,2028,161.432142279055
ROU,Ret,2029,165.35602313419633
ROU,Ret,2030,169.27990398933764
ROU,Ret,2031,172.89270576632012
ROU,Ret,2032,176.5055075433026
ROU,Ret,2033,180.11830932028505
ROU,Ret,2034,183.73111109726753
ROU,Ret,2035,187.34391287425
ROU,Ret,2036,190.4740147264147
ROU,Ret,2037,193.60411657857944
ROU,Ret,2038,196.73421843074414
ROU,Ret,2039,199.86432028290886
ROU,Ret,2040,202.99442213507356
ROU,Ret,2041,205.62050454362796
ROU,Ret,2042,208.24658695218238
ROU,Ret,2043,210.87266936073678
ROU,Ret,2044,213.4987517692912
ROU,Ret,2045,216.1248341778456
ROU,Ret,2046,218.3643464250251
ROU,Ret,2047,220.60385867220464
ROU,Ret,2048,222.84337091938414
ROU,Ret,2049,225.08288316656368
ROU,Ret,2050,227.32239541374318
SVK,Ret,2020,65.7949285351498
SVK,Ret,2021,67.47781016366172
SVK,Ret,2022,69.16069179217364
SVK,Ret,2023,70.84357342068554
SVK,Ret,2024,72.52645504919747
SVK,Ret,2025,74.20933667770939
SVK,Ret,2026,75.85550513578315
SVK,Ret,2027,77.5016735938569
SVK,Ret,2028,79.14784205193067
SVK,Ret,2029,80.79401051000443
SVK,Ret,2030,82.44017896807819
SVK,Ret,2031,84.13696160127003
SVK,Ret,2032,85.83374423446188
SVK,Ret,2033,87.53052686765373
SVK,Ret,2034,89.22730950084558
SVK,Ret,2035,90.92409213403742
SVK,Ret,2036,92.65065975629403
SVK,Ret,2037,94.37722737855066
SVK,Ret,2038,96.10379500080727
SVK,Ret,2039,97.83036262306389
SVK,Ret,2040,99.5569302453205
SVK,Ret,2041,101.24622998683236
SVK,Ret,2042,102.93552972834422
SVK,Ret,2043,104.6248294698561
SVK,Ret,2044,106.31412921136796
SVK,Ret,2045,108.00342895287982
SVK,Ret,2046,109.6703057721822
SVK,Ret,2047,111.3371825914846
SVK,Ret,2048,113.004059410787
SVK,Ret,2049,114.6709362300894
SVK,Ret,2050,116.33781304939178
SVN,Ret,2020,34.27554372149927
SVN,Ret,2021,35.278122407202204
SVN,Ret,2022,36.28070109290514
SVN,Ret,2023,37.28327977860807
SVN,Ret,2024,38.285858464311005
SVN,Ret,2025,39.28843715001394
SVN,Ret,2026,40.12752085131109
SVN,Ret,2027,40.96660455260824
SVN,Ret,2028,41.805688253905394
SVN,Ret,2029,42.64477195520254
SVN,Ret,2030,43.48385565649969
SVN,Ret,2031,44.24164267429655
SVN,Ret,2032,44.999429692093415
SVN,Ret,2033,45.75721670989027
SVN,Ret,2034,46.51500372768714
SVN,Ret,2035,47.272790745483995
SVN,Ret,2036,47.94607462938056
SVN,Ret,2037,48.619358513277135
SVN,Ret,2038,49.2926423971737
SVN,Ret,2039,49.965926281070274
SVN,Ret,2040,50.63921016496684
SVN,Ret,2041,51.22630517816221
SVN,Ret,2042,51.813400191357566
SVN,Ret,2043,52.40049520455293
SVN,Ret,2044,52.98759021774829
SVN,Ret,2045,53.57468523094366
SVN,Ret,2046,54.11848390423333
SVN,Ret,2047,54.662282577523
SVN,Ret,2048,55.206081250812666
SVN,Ret,2049,55.74987992410234
SVN,Ret,2050,56.29367859739201
SWE,Ret,2020,378.4892246646507
SWE,Ret,2021,387.0713662946208
SWE,Ret,2022,395.65350792459094
SWE,Ret,2023,404.23564955456106
SWE,Ret,2024,412.8177911845312
SWE,Ret,2025,421.3999328145013
SWE,Ret,2026,431.4594246258667
SWE,Ret,2027,441.51891643723206
SWE,Ret,2028,451.5784082485975
SWE,Ret,2029,461.6379000599629
SWE,Ret,2030,471.69739187132825
SWE,Ret,2031,480.92492982447294
SWE,Ret,2032,490.15246777761763
SWE,Ret,2033,499.38000573076226
SWE,Ret,2034,508.60754368390695
SWE,Ret,2035,517.8350816370516
SWE,Ret,2036,526.5918701641989
SWE,Ret,2037,535.3486586913461
SWE,Ret,2038,544.1054472184934
SWE,Ret,2039,552.8622357456406
SWE,Ret,2040,561.6190242727879
SWE,Ret,2041,570.2182065158361
SWE,Ret,2042,578.8173887588842
SWE,Ret,2043,587.4165710019324
SWE,Ret,2044,596.0157532449806
SWE,Ret,2045,604.6149354880288
SWE,Ret,2046,613.2362950243574
SWE,Ret,2047,621.8576545606861
SWE,Ret,2048,630.4790140970148
SWE,Ret,2049,639.1003736333435
SWE,Ret,2050,647.7217331696721
AUT,Off,2020,311.4780027066675
AUT,Off,2021,317.60343698590435
AUT,Off,2022,323.7288712651412
AUT,Off,2023,329.8543055443781
AUT,Off,2024,335.979739823615
AUT,Off,2025,342.10517410285183
AUT,Off,2026,348.49188130175384
AUT,Off,2027,354.87858850065584
AUT,Off,2028,361.2652956995578
AUT,Off,2029,367.6520028984598
AUT,Off,2030,374.0387100973618
AUT,Off,2031,379.7476536526572
AUT,Off,2032,385.45659720795265
AUT,Off,2033,391.16554076324803
AUT,Off,2034,396.87448431854347
AUT,Off,2035,402.5834278738389
AUT,Off,2036,407.61495828789214
AUT,Off,2037,412.6464887019454
AUT,Off,2038,417.67801911599867
AUT,Off,2039,422.7095495300519
AUT,Off,2040,427.74107994410514
AUT,Off,2041,432.7167606177887
AUT,Off,2042,437.69244129147216
AUT,Off,2043,442.6681219651557
AUT,Off,2044,447.6438026388392
AUT,Off,2045,452.61948331252273
AUT,Off,2046,457.452499490187
AUT,Off,2047,462.28551566785126
AUT,Off,2048,467.11853184551546
AUT,Off,2049,471.9515480231797
AUT,Off,2050,476.784564200844
BEL,Off,2020,474.61620568711857
BEL,Off,2021,487.3142785502506
BEL,Off,2022,500.0123514133827
BEL,Off,2023,512.7104242765148
BEL,Off,2024,525.4084971396468
BEL,Off,2025,538.1065700027789
BEL,Off,2026,550.4965092394223
BEL,Off,2027,562.8864484760655
BEL,Off,2028,575.2763877127089
BEL,Off,2029,587.6663269493522
BEL,Off,2030,600.0562661859956
BEL,Off,2031,611.8935037426139
BEL,Off,2032,623.7307412992322
BEL,Off,2033,635.5679788558506
BEL,Off,2034,647.4052164124689
BEL,Off,2035,659.2424539690873
BEL,Off,2036,670.2644142952903
BEL,Off,2037,681.2863746214933
BEL,Off,2038,692.3083349476963
BEL,Off,2039,703.3302952738993
BEL,Off,2040,714.3522556001024
BEL,Off,2041,724.6502897828138
BEL,Off,2042,734.9483239655253
BEL,Off,2043,745.2463581482367
BEL,Off,2044,755.5443923309482
BEL,Off,2045,765.8424265136597
BEL,Off,2046,775.6171950599171
BEL,Off,2047,785.3919636061746
BEL,Off,2048,795.166732152432
BEL,Off,2049,804.9415006986895
BEL,Off,2050,814.716269244947
BGR,Off,2020,43.5915656632849
BGR,Off,2021,44.966981968214704
BGR,Off,2022,46.342398273144504
BGR,Off,2023,47.71781457807431
BGR,Off,2024,49.09323088300411
BGR,Off,2025,50.46864718793392
BGR,Off,2026,51.82353813932338
BGR,Off,2027,53.17842909071285
BGR,Off,2028,54.53332004210232
BGR,Off,2029,55.88821099349178
BGR,Off,2030,57.243101944881246
BGR,Off,2031,58.62553169612193
BGR,Off,2032,60.00796144736262
BGR,Off,2033,61.3903911986033
BGR,Off,2034,62.77282094984398
BGR,Off,2035,64.15525070108467
BGR,Off,2036,65.51086684773615
BGR,Off,2037,66.86648299438764
BGR,Off,2038,68.22209914103911
BGR,Off,2039,69.5777152876906
BGR,Off,2040,70.93333143434208
BGR,Off,2041,72.25141336869588
BGR,Off,2042,73.56949530304968
BGR,Off,2043,74.88757723740346
BGR,Off,2044,76.20565917175726
BGR,Off,2045,77.52374110611106
BGR,Off,2046,78.81494275954483
BGR,Off,2047,80.10614441297861
BGR,Off,2048,81.39734606641238
BGR,Off,2049,82.68854771984616
BGR,Off,2050,83.97974937327993
CYP,Off,2020,24.110516349003507
CYP,Off,2021,25.065162404668982
CYP,Off,2022,26.01980846033446
CYP,Off,2023,26.974454515999934
CYP,Off,2024,27.929100571665412
CYP,Off,2025,28.883746627330886
CYP,Off,2026,29.516846283516465
CYP,Off,2027,30.14994593970204
CYP,Off,2028,30.783045595887618
CYP,Off,2029,31.416145252073193
CYP,Off,2030,32.04924490825877
CYP,Off,2031,32.70775267079842
CYP,Off,2032,33.36626043333807
CYP,Off,2033,34.02476819587772
CYP,Off,2034,34.68327595841737
CYP,Off,2035,35.34178372095702
CYP,Off,2036,36.01371357709924
CYP,Off,2037,36.68564343324147
CYP,Off,2038,37.35757328938369
CYP,Off,2039,38.029503145525915
CYP,Off,2040,38.701433001668136
CYP,Off,2041,39.39128716110251
CYP,Off,2042,40.08114132053689
CYP,Off,2043,40.77099547997126
CYP,Off,2044,41.46084963940564
CYP,Off,2045,42.15070379884001
CYP,Off,2046,42.85886664808548
CYP,Off,2047,43.56702949733096
CYP,Off,2048,44.275192346576425
CYP,Off,2049,44.9833551958219
CYP,Off,2050,45.69151804506737
CZE,Off,2020,167.13663193592814
CZE,Off,2021,171.25145204077003
CZE,Off,2022,175.3662721456119
CZE,Off,2023,179.4810922504538
CZE,Off,2024,183.59591235529567
CZE,Off,2025,187.71073246013756
CZE,Off,2026,191.39337385781053
CZE,Off,2027,195.0760152554835
CZE,Off,2028,198.7586566531565
CZE,Off,2029,202.44129805082946
CZE,Off,2030,206.12393944850243
CZE,Off,2031,209.7318445279828
CZE,Off,2032,213.33974960746318
CZE,Off,2033,216.94765468694354
CZE,Off,2034,220.55555976642393
CZE,Off,2035,224.1634648459043
CZE,Off,2036,227.71098771490276
CZE,Off,2037,231.25851058390123
CZE,Off,2038,234.80603345289967
CZE,Off,2039,238.35355632189814
CZE,Off,2040,241.9010791908966
CZE,Off,2041,245.391029967596
CZE,Off,2042,248.8809807442954
CZE,Off,2043,252.37093152099482
CZE,Off,2044,255.86088229769422
CZE,Off,2045,259.3508330743936
CZE,Off,2046,262.7871440844712
CZE,Off,2047,266.22345509454885
CZE,Off,2048,269.65976610462644
CZE,Off,2049,273.0960771147041
CZE,Off,2050,276.5323881247817
DEU,Off,2020,2635.589196749459
DEU,Off,2021,2677.1427212065864
DEU,Off,2022,2718.6962456637134
DEU,Off,2023,2760.249770120841
DEU,Off,2024,2801.803294577968
DEU,Off,2025,2843.356819035095
DEU,Off,2026,2879.211630287745
DEU,Off,2027,2915.0664415403944
DEU,Off,2028,2950.9212527930435
DEU,Off,2029,2986.776064045693
DEU,Off,2030,3022.6308752983427
DEU,Off,2031,3057.1386139341566
DEU,Off,2032,3091.6463525699705
DEU,Off,2033,3126.154091205784
DEU,Off,2034,3160.661829841598
DEU,Off,2035,3195.1695684774118
DEU,Off,2036,3230.73059710391
DEU,Off,2037,3266.291625730408
DEU,Off,2038,3301.852654356907
DEU,Off,2039,3337.413682983405
DEU,Off,2040,3372.9747116099034
DEU,Off,2041,3409.139819675025
DEU,Off,2042,3445.3049277401474
DEU,Off,2043,3481.470035805269
DEU,Off,2044,3517.6351438703914
DEU,Off,2045,3553.800251935513
DEU,Off,2046,3589.1529814591854
DEU,Off,2047,3624.5057109828576
DEU,Off,2048,3659.8584405065303
DEU,Off,2049,3695.2111700302025
DEU,Off,2050,3730.5638995538748
DNK,Off,2020,219.9458854409359
DNK,Off,2021,225.46061821541795
DNK,Off,2022,230.9753509899
DNK,Off,2023,236.49008376438206
DNK,Off,2024,242.0048165388641
DNK,Off,2025,247.51954931334615
DNK,Off,2026,251.27105486167363
DNK,Off,2027,255.02256041000112
DNK,Off,2028,258.7740659583286
DNK,Off,2029,262.5255715066561
DNK,Off,2030,266.2770770549836
DNK,Off,2031,269.8149512884161
DNK,Off,2032,273.35282552184873
DNK,Off,2033,276.8906997552813
DNK,Off,2034,280.4285739887139
DNK,Off,2035,283.9664482221464
DNK,Off,2036,287.4058133421525
DNK,Off,2037,290.8451784621586
DNK,Off,2038,294.28454358216464
DNK,Off,2039,297.7239087021707
DNK,Off,2040,301.1632738221768
DNK,Off,2041,304.67817123117766
DNK,Off,2042,308.1930686401786
DNK,Off,2043,311.70796604917945
DNK,Off,2044,315.22286345818037
DNK,Off,2045,318.73776086718124
DNK,Off,2046,322.35224822166344
DNK,Off,2047,325.9667355761456
DNK,Off,2048,329.5812229306278
DNK,Off,2049,333.19571028510995
DNK,Off,2050,336.81019763959216
ESP,Off,2020,1014.5218159365295
ESP,Off,2021,1039.7766828214546
ESP,Off,2022,1065.0315497063798
ESP,Off,2023,1090.2864165913047
ESP,Off,2024,1115.5412834762299
ESP,Off,2025,1140.796150361155
ESP,Off,2026,1158.2616708996654
ESP,Off,2027,1175.7271914381759
ESP,Off,2028,1193.192711976686
ESP,Off,2029,1210.6582325151965
ESP,Off,2030,1228.1237530537069
ESP,Off,2031,1247.9525041752167
ESP,Off,2032,1267.7812552967266
ESP,Off,2033,1287.6100064182365
ESP,Off,2034,1307.4387575397463
ESP,Off,2035,1327.2675086612562
ESP,Off,2036,1347.973112770293
ESP,Off,2037,1368.6787168793296
ESP,Off,2038,1389.3843209883664
ESP,Off,2039,1410.089925097403
ESP,Off,2040,1430.7955292064398
ESP,Off,2041,1452.725683652875
ESP,Off,2042,1474.6558380993101
ESP,Off,2043,1496.5859925457453
ESP,Off,2044,1518.5161469921804
ESP,Off,2045,1540.4463014386156
ESP,Off,2046,1563.3403951159005
ESP,Off,2047,1586.2344887931856
ESP,Off,2048,1609.1285824704705
ESP,Off,2049,1632.0226761477556
ESP,Off,2050,1654.9167698250405
EST,Off,2020,20.778006048116524
EST,Off,2021,21.334229512403684
EST,Off,2022,21.890452976690845
EST,Off,2023,22.446676440978006
EST,Off,2024,23.002899905265167
EST,Off,2025,23.559123369552328
EST,Off,2026,24.20575025363969
EST,Off,2027,24.852377137727046
EST,Off,2028,25.499004021814407
EST,Off,2029,26.145630905901765
EST,Off,2030,26.792257789989126
EST,Off,2031,27.353903560068076
EST,Off,2032,27.915549330147023
EST,Off,2033,28.477195100225973
EST,Off,2034,29.03884087030492
EST,Off,2035,29.60048664038387
EST,Off,2036,30.087437425744262
EST,Off,2037,30.574388211104658
EST,Off,2038,31.06133899646505
EST,Off,2039,31.548289781825446
EST,Off,2040,32.03524056718584
EST,Off,2041,32.441745754339955
EST,Off,2042,32.848250941494065
EST,Off,2043,33.25475612864818
EST,Off,2044,33.66126131580229
EST,Off,2045,34.06776650295641
EST,Off,2046,34.40787846816771
EST,Off,2047,34.747990433379
EST,Off,2048,35.0881023985903
EST,Off,2049,35.428214363801594
EST,Off,2050,35.76832632901289
FIN,Off,2020,189.60902568946472
FIN,Off,2021,192.626846936952
FIN,Off,2022,195.64466818443933
FIN,Off,2023,198.66248943192662
FIN,Off,2024,201.68031067941394
FIN,Off,2025,204.69813192690123
FIN,Off,2026,207.48358390195722
FIN,Off,2027,210.26903587701324
FIN,Off,2028,213.05448785206923
FIN,Off,2029,215.83993982712525
FIN,Off,2030,218.62539180218124
FIN,Off,2031,221.06329720600309
FIN,Off,2032,223.50120260982493
FIN,Off,2033,225.93910801364677
FIN,Off,2034,228.37701341746862
FIN,Off,2035,230.81491882129046
FIN,Off,2036,233.18884255337903
FIN,Off,2037,235.56276628546757
FIN,Off,2038,237.93669001755615
FIN,Off,2039,240.3106137496447
FIN,Off,2040,242.68453748173326
FIN,Off,2041,245.04198162839734
FIN,Off,2042,247.3994257750614
FIN,Off,2043,249.75686992172547
FIN,Off,2044,252.11431406838952
FIN,Off,2045,254.4717582150536
FIN,Off,2046,256.8735315214947
FIN,Off,2047,259.2753048279358
FIN,Off,2048,261.6770781343769
FIN,Off,2049,264.078851440818
FIN,Off,2050,266.4806247472591
FRA,Off,2020,1916.5565098667746
FRA,Off,2021,1949.0525730781117
FRA,Off,2022,1981.5486362894487
FRA,Off,2023,2014.0446995007856
FRA,Off,2024,2046.5407627121226
FRA,Off,2025,2079.0368259234597
FRA,Off,2026,2112.635141352532
FRA,Off,2027,2146.233456781604
FRA,Off,2028,2179.8317722106767
FRA,Off,2029,2213.4300876397488
FRA,Off,2030,2247.0284030688213
FRA,Off,2031,2275.927207973422
FRA,Off,2032,2304.8260128780225
FRA,Off,2033,2333.7248177826227
FRA,Off,2034,2362.6236226872234
FRA,Off,2035,2391.522427591824
FRA,Off,2036,2420.3916326699746
FRA,Off,2037,2449.260837748125
FRA,Off,2038,2478.130042826276
FRA,Off,2039,2506.9992479044267
FRA,Off,2040,2535.8684529825773
FRA,Off,2041,2564.8339811747855
FRA,Off,2042,2593.799509366994
FRA,Off,2043,2622.765037559202
FRA,Off,2044,2651.7305657514103
FRA,Off,2045,2680.6960939436185
FRA,Off,2046,2710.149955354266
FRA,Off,2047,2739.6038167649135
FRA,Off,2048,2769.057678175561
FRA,Off,2049,2798.5115395862085
FRA,Off,2050,2827.965400996856
GBR,Off,2020,1.0
GBR,Off,2021,1.0
GBR,Off,2022,1.0
GBR,Off,2023,1.0
GBR,Off,2024,1.0
GBR,Off,2025,1.0
GBR,Off,2026,1.0
GBR,Off,2027,1.0
GBR,Off,2028,1.0
GBR,Off,2029,1.0
GBR,Off,2030,1.0
GBR,Off,2031,1.0
GBR,Off,2032,1.0
GBR,Off,2033,1.0
GBR,Off,2034,1.0
GBR,Off,2035,1.0
GBR,Off,2036,1.0
GBR,Off,2037,1.0
GBR,Off,2038,1.0
GBR,Off,2039,1.0
GBR,Off,2040,1.0
GBR,Off,2041,1.0
GBR,Off,2042,1.0
GBR,Off,2043,1.0
GBR,Off,2044,1.0
GBR,Off,2045,1.0
GBR,Off,2046,1.0
GBR,Off,2047,1.0
GBR,Off,2048,1.0
GBR,Off,2049,1.0
GBR,Off,2050,1.0
GRC,Off,2020,136.5701860069638
GRC,Off,2021,139.9120271416703
GRC,Off,2022,143.2538682763768
GRC,Off,2023,146.5957094110833
GRC,Off,2024,149.9375505457898
GRC,Off,2025,153.2793916804963
GRC,Off,2026,155.70921340243376
GRC,Off,2027,158.13903512437125
GRC,Off,2028,160.5688568463087
GRC,Off,2029,162.9986785682462
GRC,Off,2030,165.42850029018365
GRC,Off,2031,167.54906909030672
GRC,Off,2032,169.6696378904298
GRC,Off,2033,171.79020669055288
GRC,Off,2034,173.91077549067597
GRC,Off,2035,176.03134429079904
GRC,Off,2036,178.3302751144633
GRC,Off,2037,180.62920593812757
GRC,Off,2038,182.92813676179182
GRC,Off,2039,185.2270675854561
GRC,Off,2040,187.52599840912035
GRC,Off,2041,189.8804209931248
GRC,Off,2042,192.23484357712925
GRC,Off,2043,194.5892661611337
GRC,Off,2044,196.94368874513816
GRC,Off,2045,199.2981113291426
GRC,Off,2046,201.67329491831333
GRC,Off,2047,204.04847850748408
GRC,Off,2048,206.4236620966548
GRC,Off,2049,208.79884568582554
GRC,Off,2050,211.17402927499626
HRV,Off,2020,42.23556318200287
HRV,Off,2021,43.82383878296628
HRV,Off,2022,45.41211438392968
HRV,Off,2023,47.00038998489309
HRV,Off,2024,48.58866558585649
HRV,Off,2025,50.176941186819896
HRV,Off,2026,51.29595995725135
HRV,Off,2027,52.41497872768281
HRV,Off,2028,53.53399749811426
HRV,Off,2029,54.65301626854572
HRV,Off,2030,55.77203503897717
HRV,Off,2031,56.719468904324444
HRV,Off,2032,57.666902769671715
HRV,Off,2033,58.61433663501899
HRV,Off,2034,59.56177050036626
HRV,Off,2035,60.50920436571353
HRV,Off,2036,61.27698584819941
HRV,Off,2037,62.04476733068529
HRV,Off,2038,62.812548813171176
HRV,Off,2039,63.580330295657056
HRV,Off,2040,64.34811177814294
HRV,Off,2041,64.96893356600076
HRV,Off,2042,65.58975535385856
HRV,Off,2043,66.21057714171639
HRV,Off,2044,66.83139892957419
HRV,Off,2045,67.45222071743201
HRV,Off,2046,67.95776932606407
HRV,Off,2047,68.46331793469614
HRV,Off,2048,68.96886654332819
HRV,Off,2049,69.47441515196026
HRV,Off,2050,69.97996376059231
HUN,Off,2020,90.37582133228804
HUN,Off,2021,93.17825957403453
HUN,Off,2022,95.98069781578103
HUN,Off,2023,98.78313605752751
HUN,Off,2024,101.58557429927401
HUN,Off,2025,104.3880125410205
HUN,Off,2026,106.94807084617214
HUN,Off,2027,109.50812915132377
HUN,Off,2028,112.06818745647541
HUN,Off,2029,114.62824576162704
HUN,Off,2030,117.18830406677868
HUN,Off,2031,119.64041077363086
HUN,Off,2032,122.09251748048304
HUN,Off,2033,124.54462418733522
HUN,Off,2034,126.9967308941874
HUN,Off,2035,129.44883760103957
HUN,Off,2036,131.7079232723693
HUN,Off,2037,133.96700894369903
HUN,Off,2038,136.22609461502873
HUN,Off,2039,138.48518028635846
HUN,Off,2040,140.74426595768819
HUN,Off,2041,142.79604160433723
HUN,Off,2042,144.84781725098625
HUN,Off,2043,146.8995928976353
HUN,Off,2044,148.95136854428432
HUN,Off,2045,151.00314419093337
HUN,Off,2046,152.87980803679417
HUN,Off,2047,154.75647188265498
HUN,Off,2048,156.6331357285158
HUN,Off,2049,158.50979957437661
HUN,Off,2050,160.38646342023742
IRL,Off,2020,358.83289047025215
IRL,Off,2021,381.29483456778365
IRL,Off,2022,403.75677866531515
IRL,Off,2023,426.2187227628467
IRL,Off,2024,448.6806668603782
IRL,Off,2025,471.1426109579097
IRL,Off,2026,488.64504460970096
IRL,Off,2027,506.1474782614922
IRL,Off,2028,523.6499119132834
IRL,Off,2029,541.1523455650747
IRL,Off,2030,558.6547792168659
IRL,Off,2031,574.1619610025549
IRL,Off,2032,589.669142788244
IRL,Off,2033,605.176324573933
IRL,Off,2034,620.6835063596221
IRL,Off,2035,636.1906881453111
IRL,Off,2036,652.4808855407367
IRL,Off,2037,668.7710829361624
IRL,Off,2038,685.061280331588
IRL,Off,2039,701.3514777270137
IRL,Off,2040,717.6416751224393
IRL,Off,2041,735.315979776537
IRL,Off,2042,752.9902844306346
IRL,Off,2043,770.6645890847323
IRL,Off,2044,788.3388937388298
IRL,Off,2045,806.0131983929275
IRL,Off,2046,825.5169830354696
IRL,Off,2047,845.0207676780116
IRL,Off,2048,864.5245523205537
IRL,Off,2049,884.0283369630956
IRL,Off,2050,903.5321216056377
ITA,Off,2020,1507.8477341146413
ITA,Off,2021,1533.3366942528864
ITA,Off,2022,1558.8256543911316
ITA,Off,2023,1584.3146145293765
ITA,Off,2024,1609.8035746676217
ITA,Off,2025,1635.2925348058668
ITA,Off,2026,1651.4776070127557
ITA,Off,2027,1667.6626792196446
ITA,Off,2028,1683.8477514265335
ITA,Off,2029,1700.0328236334224
ITA,Off,2030,1716.2178958403113
ITA,Off,2031,1734.0573408383277
ITA,Off,2032,1751.8967858363444
ITA,Off,2033,1769.7362308343609
ITA,Off,2034,1787.5756758323776
ITA,Off,2035,1805.415120830394
ITA,Off,2036,1823.465393621427
ITA,Off,2037,1841.51566641246
ITA,Off,2038,1859.5659392034931
ITA,Off,2039,1877.616211994526
ITA,Off,2040,1895.666484785559
ITA,Off,2041,1914.0035076641095
ITA,Off,2042,1932.34053054266
ITA,Off,2043,1950.6775534212106
ITA,Off,2044,1969.014576299761
ITA,Off,2045,1987.3515991783115
ITA,Off,2046,2005.5710767472492
ITA,Off,2047,2023.7905543161867
ITA,Off,2048,2042.0100318851244
ITA,Off,2049,2060.229509454062
ITA,Off,2050,2078.4489870229995
LTU,Off,2020,28.32774720444058
LTU,Off,2021,29.268154094533305
LTU,Off,2022,30.20856098462603
LTU,Off,2023,31.148967874718757
LTU,Off,2024,32.08937476481148
LTU,Off,2025,33.029781654904205
LTU,Off,2026,33.983040521194496
LTU,Off,2027,34.93629938748479
LTU,Off,2028,35.88955825377508
LTU,Off,2029,36.84281712006537
LTU,Off,2030,37.79607598635566
LTU,Off,2031,38.56025551473892
LTU,Off,2032,39.324435043122186
LTU,Off,2033,40.088614571505445
LTU,Off,2034,40.85279409988871
LTU,Off,2035,41.61697362827197
LTU,Off,2036,42.22668843320395
LTU,Off,2037,42.83640323813592
LTU,Off,2038,43.4461180430679
LTU,Off,2039,44.05583284799987
LTU,Off,2040,44.66554765293185
LTU,Off,2041,45.144894231413566
LTU,Off,2042,45.624240809895284
LTU,Off,2043,46.103587388376994
LTU,Off,2044,46.58293396685871
LTU,Off,2045,47.06228054534043
LTU,Off,2046,47.41295121633217
LTU,Off,2047,47.763621887323914
LTU,Off,2048,48.114292558315654
LTU,Off,2049,48.4649632293074
LTU,Off,2050,48.81563390029914
LUX,Off,2020,143.58615288362498
LUX,Off,2021,147.73068262536117
LUX,Off,2022,151.87521236709736
LUX,Off,2023,156.01974210883353
LUX,Off,2024,160.16427185056972
LUX,Off,2025,164.3088015923059
LUX,Off,2026,169.89777831924275
LUX,Off,2027,175.48675504617955
LUX,Off,2028,181.0757317731164
LUX,Off,2029,186.6647085000532
LUX,Off,2030,192.25368522699003
LUX,Off,2031,197.22887396362748
LUX,Off,2032,202.20406270026493
LUX,Off,2033,207.1792514369024
LUX,Off,2034,212.15444017353985
LUX,Off,2035,217.1296289101773
LUX,Off,2036,221.46058791795542
LUX,Off,2037,225.79154692573354
LUX,Off,2038,230.1225059335117
LUX,Off,2039,234.4534649412898
LUX,Off,2040,238.78442394906793
LUX,Off,2041,242.421256957557
LUX,Off,2042,246.05808996604608
LUX,Off,2043,249.6949229745352
LUX,Off,2044,253.33175598302427
LUX,Off,2045,256.96858899151334
LUX,Off,2046,260.1378177282981
LUX,Off,2047,263.3070464650828
LUX,Off,2048,266.47627520186757
LUX,Off,2049,269.64550393865227
LUX,Off,2050,272.814732675437
LVA,Off,2020,25.215630905816905
LVA,Off,2021,25.914232121526588
LVA,Off,2022,26.61283333723627
LVA,Off,2023,27.311434552945954
LVA,Off,2024,28.010035768655634
LVA,Off,2025,28.708636984365317
LVA,Off,2026,29.362066288597447
LVA,Off,2027,30.01549559282958
LVA,Off,2028,30.66892489706171
LVA,Off,2029,31.322354201293845
LVA,Off,2030,31.975783505525975
LVA,Off,2031,32.54732393153201
LVA,Off,2032,33.11886435753805
LVA,Off,2033,33.690404783544096
LVA,Off,2034,34.261945209550134
LVA,Off,2035,34.83348563555617
LVA,Off,2036,35.326122071059764
LVA,Off,2037,35.81875850656335
LVA,Off,2038,36.31139494206694
LVA,Off,2039,36.804031377570524
LVA,Off,2040,37.296667813074116
LVA,Off,2041,37.70811487629979
LVA,Off,2042,38.11956193952546
LVA,Off,2043,38.53100900275114
LVA,Off,2044,38.94245606597681
LVA,Off,2045,39.353903129202486
LVA,Off,2046,39.72768408969899
LVA,Off,2047,40.1014650501955
LVA,Off,2048,40.475246010692004
LVA,Off,2049,40.849026971188515
LVA,Off,2050,41.22280793168502
MLT,Off,2020,20.24276692348832
MLT,Off,2021,21.407908463629692
MLT,Off,2022,22.573050003771066
MLT,Off,2023,23.738191543912443
MLT,Off,2024,24.903333084053816
MLT,Off,2025,26.06847462419519
MLT,Off,2026,27.177393184122188
MLT,Off,2027,28.286311744049186
MLT,Off,2028,29.395230303976184
MLT,Off,2029,30.50414886390318
MLT,Off,2030,31.613067423830177
MLT,Off,2031,32.73896533741804
MLT,Off,2032,33.86486325100589
MLT,Off,2033,34.99076116459375
MLT,Off,2034,36.116659078181605
MLT,Off,2035,37.24255699176946
MLT,Off,2036,38.290339919313226
MLT,Off,2037,39.33812284685699
MLT,Off,2038,40.385905774400754
MLT,Off,2039,41.43368870194452
MLT,Off,2040,42.48147162948828
MLT,Off,2041,43.442424751724765
MLT,Off,2042,44.40337787396125
MLT,Off,2043,45.36433099619774
MLT,Off,2044,46.32528411843422
MLT,Off,2045,47.2862372406707
MLT,Off,2046,48.17078459454988
MLT,Off,2047,49.05533194842905
MLT,Off,2048,49.93987930230823
MLT,Off,2049,50.8244266561874
MLT,Off,2050,51.70897401006658
NLD,Off,2020,764.8296336181911
NLD,Off,2021,784.1527735203301
NLD,Off,2022,803.4759134224691
NLD,Off,2023,822.7990533246082
NLD,Off,2024,842.1221932267472
NLD,Off,2025,861.4453331288862
NLD,Off,2026,881.0666279867717
NLD,Off,2027,900.6879228446571
NLD,Off,2028,920.3092177025425
NLD,Off,2029,939.9305125604279
NLD,Off,2030,959.5518074183134
NLD,Off,2031,977.4671966834347
NLD,Off,2032,995.3825859485561
NLD,Off,2033,1013.2979752136773
NLD,Off,2034,1031.2133644787987
NLD,Off,2035,1049.12875374392
NLD,Off,2036,1066.3880205477356
NLD,Off,2037,1083.6472873515509
NLD,Off,2038,1100.9065541553664
NLD,Off,2039,1118.1658209591817
NLD,Off,2040,1135.4250877629972
NLD,Off,2041,1152.1966354669719
NLD,Off,2042,1168.9681831709465
NLD,Off,2043,1185.739730874921
NLD,Off,2044,1202.5112785788956
NLD,Off,2045,1219.2828262828702
NLD,Off,2046,1235.5902771838742
NLD,Off,2047,1251.8977280848783
NLD,Off,2048,1268.2051789858822
NLD,Off,2049,1284.5126298868863
NLD,Off,2050,1300.8200807878902
POL,Off,2020,353.3316557382694
POL,Off,2021,367.82080230505835
POL,Off,2022,382.30994887184727
POL,Off,2023,396.79909543863624
POL,Off,2024,411.28824200542516
POL,Off,2025,425.77738857221414
POL,Off,2026,440.00937798294166
POL,Off,2027,454.2413673936692
POL,Off,2028,468.47335680439664
POL,Off,2029,482.70534621512417
POL,Off,2030,496.9373356258517
POL,Off,2031,510.46806246453156
POL,Off,2032,523.9987893032114
POL,Off,2033,537.5295161418913
POL,Off,2034,551.0602429805712
POL,Off,2035,564.5909698192511
POL,Off,2036,577.3876899700902
POL,Off,2037,590.1844101209292
POL,Off,2038,602.9811302717684
POL,Off,2039,615.7778504226075
POL,Off,2040,628.5745705734465
POL,Off,2041,639.2175636001574
POL,Off,2042,649.8605566268682
POL,Off,2043,660.5035496535791
POL,Off,2044,671.1465426802898
POL,Off,2045,681.7895357070007
POL,Off,2046,691.2501859849306
POL,Off,2047,700.7108362628603
POL,Off,2048,710.1714865407902
POL,Off,2049,719.6321368187199
POL,Off,2050,729.0927870966498
PRT,Off,2020,170.29784488097422
PRT,Off,2021,174.62742965317616
PRT,Off,2022,178.9570144253781
PRT,Off,2023,183.28659919758002
PRT,Off,2024,187.61618396978196
PRT,Off,2025,191.9457687419839
PRT,Off,2026,195.07960981435005
PRT,Off,2027,198.2134508867162
PRT,Off,2028,201.34729195908236
PRT,Off,2029,204.4811330314485
PRT,Off,2030,207.61497410381466
PRT,Off,2031,210.87021974132816
PRT,Off,2032,214.12546537884165
PRT,Off,2033,217.38071101635515
PRT,Off,2034,220.63595665386865
PRT,Off,2035,223.89120229138214
PRT,Off,2036,227.23953368986525
PRT,Off,2037,230.58786508834837
PRT,Off,2038,233.93619648683148
PRT,Off,2039,237.2845278853146
PRT,Off,2040,240.6328592837977
PRT,Off,2041,243.98073681566618
PRT,Off,2042,247.32861434753465
PRT,Off,2043,250.6764918794031
PRT,Off,2044,254.02436941127158
PRT,Off,2045,257.37224694314006
PRT,Off,2046,260.73451722045155
PRT,Off,2047,264.09678749776305
PRT,Off,2048,267.45905777507454
PRT,Off,2049,270.82132805238604
PRT,Off,2050,274.18359832969753
ROU,Off,2020,124.84626286084229
ROU,Off,2021,129.80911023140004
ROU,Off,2022,134.7719576019578
ROU,Off,2023,139.73480497251555
ROU,Off,2024,144.6976523430733
ROU,Off,2025,149.66049971363105
ROU,Off,2026,153.58438056877236
ROU,Off,2027,157.5082614239137
ROU,Off,2028,161.432142279055
ROU,Off,2029,165.35602313419633
ROU,Off,2030,169.27990398933764
ROU,Off,2031,172.89270576632012
ROU,Off,2032,176.5055075433026
ROU,Off,2033,180.11830932028505
ROU,Off,2034,183.73111109726753
ROU,Off,2035,187.34391287425
ROU,Off,2036,190.4740147264147
ROU,Off,2037,193.60411657857944
ROU,Off,2038,196.73421843074414
ROU,Off,2039,199.86432028290886
ROU,Off,2040,202.99442213507356
ROU,Off,2041,205.62050454362796
ROU,Off,2042,208.24658695218238
ROU,Off,2043,210.87266936073678
ROU,Off,2044,213.4987517692912
ROU,Off,2045,216.1248341778456
ROU,Off,2046,218.3643464250251
ROU,Off,2047,220.60385867220464
ROU,Off,2048,222.84337091938414
ROU,Off,2049,225.08288316656368
ROU,Off,2050,227.32239541374318
SVK,Off,2020,65.7949285351498
SVK,Off,2021,67.47781016366172
SVK,Off,2022,69.16069179217364
SVK,Off,2023,70.84357342068554
SVK,Off,2024,72.52645504919747
SVK,Off,2025,74.20933667770939
SVK,Off,2026,75.85550513578315
SVK,Off,2027,77.5016735938569
SVK,Off,2028,79.14784205193067
SVK,Off,2029,80.79401051000443
SVK,Off,2030,82.44017896807819
SVK,Off,2031,84.13696160127003
SVK,Off,2032,85.83374423446188
SVK,Off,2033,87.53052686765373
SVK,Off,2034,89.22730950084558
SVK,Off,2035,90.92409213403742
SVK,Off,2036,92.65065975629403
SVK,Off,2037,94.37722737855066
SVK,Off,2038,96.10379500080727
SVK,Off,2039,97.83036262306389
SVK,Off,2040,99.5569302453205
SVK,Off,2041,101.24622998683236
SVK,Off,2042,102.93552972834422
SVK,Off,2043,104.6248294698561
SVK,Off,2044,106.31412921136796
SVK,Off,2045,108.00342895287982
SVK,Off,2046,109.6703057721822
SVK,Off,2047,111.3371825914846
SVK,Off,2048,113.004059410787
SVK,Off,2049,114.6709362300894
SVK,Off,2050,116.33781304939178
SVN,Off,2020,34.27554372149927
SVN,Off,2021,35.278122407202204
SVN,Off,2022,36.28070109290514
SVN,Off,2023,37.28327977860807
SVN,Off,2024,38.285858464311005
SVN,Off,2025,39.28843715001394
SVN,Off,2026,40.12752085131109
SVN,Off,2027,40.96660455260824
SVN,Off,2028,41.805688253905394
SVN,Off,2029,42.64477195520254
SVN,Off,2030,43.48385565649969
SVN,Off,2031,44.24164267429655
SVN,Off,2032,44.999429692093415
SVN,Off,2033,45.75721670989027
SVN,Off,2034,46.51500372768714
SVN,Off,2035,47.272790745483995
SVN,Off,2036,47.94607462938056
SVN,Off,2037,48.619358513277135
SVN,Off,2038,49.2926423971737
SVN,Off,2039,49.965926281070274
SVN,Off,2040,50.63921016496684
SVN,Off,2041,51.22630517816221
SVN,Off,2042,51.813400191357566
SVN,Off,2043,52.40049520455293
SVN,Off,2044,52.98759021774829
SVN,Off,2045,53.57468523094366
SVN,Off,2046,54.11848390423333
SVN,Off,2047,54.662282577523
SVN,Off,2048,55.206081250812666
SVN,Off,2049,55.74987992410234
SVN,Off,2050,56.29367859739201
SWE,Off,2020,378.4892246646507
SWE,Off,2021,387.0713662946208
SWE,Off,2022,395.65350792459094
SWE,Off,2023,404.23564955456106
SWE,Off,2024,412.8177911845312
SWE,Off,2025,421.3999328145013
SWE,Off,2026,431.4594246258667
SWE,Off,2027,441.51891643723206
SWE,Off,2028,451.5784082485975
SWE,Off,2029,461.6379000599629
SWE,Off,2030,471.69739187132825
SWE,Off,2031,480.92492982447294
SWE,Off,2032,490.15246777761763
SWE,Off,2033,499.38000573076226
SWE,Off,2034,508.60754368390695
SWE,Off,2035,517.8350816370516
SWE,Off,2036,526.5918701641989
SWE,Off,2037,535.3486586913461
SWE,Off,2038,544.1054472184934
SWE,Off,2039,552.8622357456406
SWE,Off,2040,561.6190242727879
SWE,Off,2041,570.2182065158361
SWE,Off,2042,578.8173887588842
SWE,Off,2043,587.4165710019324
SWE,Off,2044,596.0157532449806
SWE,Off,2045,604.6149354880288
SWE,Off,2046,613.2362950243574
SWE,Off,2047,621.8576545606861
SWE,Off,2048,630.4790140970148
SWE,Off,2049,639.1003736333435
SWE,Off,2050,647.7217331696721
AUT,Hot,2020,311.4780027066675
AUT,Hot,2021,317.60343698590435
AUT,Hot,2022,323.7288712651412
AUT,Hot,2023,329.8543055443781
AUT,Hot,2024,335.979739823615
AUT,Hot,2025,342.10517410285183
AUT,Hot,2026,348.49188130175384
AUT,Hot,2027,354.87858850065584
AUT,Hot,2028,361.2652956995578
AUT,Hot,2029,367.6520028984598
AUT,Hot,2030,374.0387100973618
AUT,Hot,2031,379.7476536526572
AUT,Hot,2032,385.45659720795265
AUT,Hot,2033,391.16554076324803
AUT,Hot,2034,396.87448431854347
AUT,Hot,2035,402.5834278738389
AUT,Hot,2036,407.61495828789214
AUT,Hot,2037,412.6464887019454
AUT,Hot,2038,417.67801911599867
AUT,Hot,2039,422.7095495300519
AUT,Hot,2040,427.74107994410514
AUT,Hot,2041,432.7167606177887
AUT,Hot,2042,437.69244129147216
AUT,Hot,2043,442.6681219651557
AUT,Hot,2044,447.6438026388392
AUT,Hot,2045,452.61948331252273
AUT,Hot,2046,457.452499490187
AUT,Hot,2047,462.28551566785126
AUT,Hot,2048,467.11853184551546
AUT,Hot,2049,471.9515480231797
AUT,Hot,2050,476.784564200844
BEL,Hot,2020,474.61620568711857
BEL,Hot,2021,487.3142785502506
BEL,Hot,2022,500.0123514133827
BEL,Hot,2023,512.7104242765148
BEL,Hot,2024,525.4084971396468
BEL,Hot,2025,538.1065700027789
BEL,Hot,2026,550.4965092394223
BEL,Hot,2027,562.8864484760655
BEL,Hot,2028,575.2763877127089
BEL,Hot,2029,587.6663269493522
BEL,Hot,2030,600.0562661859956
BEL,Hot,2031,611.8935037426139
BEL,Hot,2032,623.7307412992322
BEL,Hot,2033,635.5679788558506
BEL,Hot,2034,647.4052164124689
BEL,Hot,2035,659.2424539690873
BEL,Hot,2036,670.2644142952903
BEL,Hot,2037,681.2863746214933
BEL,Hot,2038,692.3083349476963
BEL,Hot,2039,703.3302952738993
BEL,Hot,2040,714.3522556001024
BEL,Hot,2041,724.6502897828138
BEL,Hot,2042,734.9483239655253
BEL,Hot,2043,745.2463581482367
BEL,Hot,2044,755.5443923309482
BEL,Hot,2045,765.8424265136597
BEL,Hot,2046,775.6171950599171
BEL,Hot,2047,785.3919636061746
BEL,Hot,2048,795.166732152432
BEL,Hot,2049,804.9415006986895
BEL,Hot,2050,814.716269244947
BGR,Hot,2020,43.5915656632849
BGR,Hot,2021,44.966981968214704
BGR,Hot,2022,46.342398273144504
BGR,Hot,2023,47.71781457807431
BGR,Hot,2024,49.09323088300411
BGR,Hot,2025,50.46864718793392
BGR,Hot,2026,51.82353813932338
BGR,Hot,2027,53.17842909071285
BGR,Hot,2028,54.53332004210232
BGR,Hot,2029,55.88821099349178
BGR,Hot,2030,57.243101944881246
BGR,Hot,2031,58.62553169612193
BGR,Hot,2032,60.00796144736262
BGR,Hot,2033,61.3903911986033
BGR,Hot,2034,62.77282094984398
BGR,Hot,2035,64.15525070108467
BGR,Hot,2036,65.51086684773615
BGR,Hot,2037,66.86648299438764
BGR,Hot,2038,68.22209914103911
BGR,Hot,2039,69.5777152876906
BGR,Hot,2040,70.93333143434208
BGR,Hot,2041,72.25141336869588
BGR,Hot,2042,73.56949530304968
BGR,Hot,2043,74.88757723740346
BGR,Hot,2044,76.20565917175726
BGR,Hot,2045,77.52374110611106
BGR,Hot,2046,78.81494275954483
BGR,Hot,2047,80.10614441297861
BGR,Hot,2048,81.39734606641238
BGR,Hot,2049,82.68854771984616
BGR,Hot,2050,83.97974937327993
CYP,Hot,2020,24.110516349003507
CYP,Hot,2021,25.065162404668982
CYP,Hot,2022,26.01980846033446
CYP,Hot,2023,26.974454515999934
CYP,Hot,2024,27.929100571665412
CYP,Hot,2025,28.883746627330886
CYP,Hot,2026,29.516846283516465
CYP,Hot,2027,30.14994593970204
CYP,Hot,2028,30.783045595887618
CYP,Hot,2029,31.416145252073193
CYP,Hot,2030,32.04924490825877
CYP,Hot,2031,32.70775267079842
CYP,Hot,2032,33.36626043333807
CYP,Hot,2033,34.02476819587772
CYP,Hot,2034,34.68327595841737
CYP,Hot,2035,35.34178372095702
CYP,Hot,2036,36.01371357709924
CYP,Hot,2037,36.68564343324147
CYP,Hot,2038,37.35757328938369
CYP,Hot,2039,38.029503145525915
CYP,Hot,2040,38.701433001668136
CYP,Hot,2041,39.39128716110251
CYP,Hot,2042,40.08114132053689
CYP,Hot,2043,40.77099547997126
CYP,Hot,2044,41.46084963940564
CYP,Hot,2045,42.15070379884001
CYP,Hot,2046,42.85886664808548
CYP,Hot,2047,43.56702949733096
CYP,Hot,2048,44.275192346576425
CYP,Hot,2049,44.9833551958219
CYP,Hot,2050,45.69151804506737
CZE,Hot,2020,167.13663193592814
CZE,Hot,2021,171.25145204077003
CZE,Hot,2022,175.3662721456119
CZE,Hot,2023,179.4810922504538
CZE,Hot,2024,183.59591235529567
CZE,Hot,2025,187.71073246013756
CZE,Hot,2026,191.39337385781053
CZE,Hot,2027,195.0760152554835
CZE,Hot,2028,198.7586566531565
CZE,Hot,2029,202.44129805082946
CZE,Hot,2030,206.12393944850243
CZE,Hot,2031,209.7318445279828
CZE,Hot,2032,213.33974960746318
CZE,Hot,2033,216.94765468694354
CZE,Hot,2034,220.55555976642393
CZE,Hot,2035,224.1634648459043
CZE,Hot,2036,227.71098771490276
CZE,Hot,2037,231.25851058390123
CZE,Hot,2038,234.80603345289967
CZE,Hot,2039,238.35355632189814
CZE,Hot,2040,241.9010791908966
CZE,Hot,2041,245.391029967596
CZE,Hot,2042,248.8809807442954
CZE,Hot,2043,252.37093152099482
CZE,Hot,2044,255.86088229769422
CZE,Hot,2045,259.3508330743936
CZE,Hot,2046,262.7871440844712
CZE,Hot,2047,266.22345509454885
CZE,Hot,2048,269.65976610462644
CZE,Hot,2049,273.0960771147041
CZE,Hot,2050,276.5323881247817
DEU,Hot,2020,2635.589196749459
DEU,Hot,2021,2677.1427212065864
DEU,Hot,2022,2718.6962456637134
DEU,Hot,2023,2760.249770120841
DEU,Hot,2024,2801.803294577968
DEU,Hot,2025,2843.356819035095
DEU,Hot,2026,2879.211630287745
DEU,Hot,2027,2915.0664415403944
DEU,Hot,2028,2950.9212527930435
DEU,Hot,2029,2986.776064045693
DEU,Hot,2030,3022.6308752983427
DEU,Hot,2031,3057.1386139341566
DEU,Hot,2032,3091.6463525699705
DEU,Hot,2033,3126.154091205784
DEU,Hot,2034,3160.661829841598
DEU,Hot,2035,3195.1695684774118
DEU,Hot,2036,3230.73059710391
DEU,Hot,2037,3266.291625730408
DEU,Hot,2038,3301.852654356907
DEU,Hot,2039,3337.413682983405
DEU,Hot,2040,3372.9747116099034
DEU,Hot,2041,3409.139819675025
DEU,Hot,2042,3445.3049277401474
DEU,Hot,2043,3481.470035805269
DEU,Hot,2044,3517.6351438703914
DEU,Hot,2045,3553.800251935513
DEU,Hot,2046,3589.1529814591854
DEU,Hot,2047,3624.5057109828576
DEU,Hot,2048,3659.8584405065303
DEU,Hot,2049,3695.2111700302025
DEU,Hot,2050,3730.5638995538748
DNK,Hot,2020,219.9458854409359
DNK,Hot,2021,225.46061821541795
DNK,Hot,2022,230.9753509899
DNK,Hot,2023,236.49008376438206
DNK,Hot,2024,242.0048165388641
DNK,Hot,2025,247.51954931334615
DNK,Hot,2026,251.27105486167363
DNK,Hot,2027,255.02256041000112
DNK,Hot,2028,258.7740659583286
DNK,Hot,2029,262.5255715066561
DNK,Hot,2030,266.2770770549836
DNK,Hot,2031,269.8149512884161
DNK,Hot,2032,273.35282552184873
DNK,Hot,2033,276.8906997552813
DNK,Hot,2034,280.4285739887139
DNK,Hot,2035,283.9664482221464
DNK,Hot,2036,287.4058133421525
DNK,Hot,2037,290.8451784621586
DNK,Hot,2038,294.28454358216464
DNK,Hot,2039,297.7239087021707
DNK,Hot,2040,301.1632738221768
DNK,Hot,2041,304.67817123117766
DNK,Hot,2042,308.1930686401786
DNK,Hot,2043,311.70796604917945
DNK,Hot,2044,315.22286345818037
DNK,Hot,2045,318.73776086718124
DNK,Hot,2046,322.35224822166344
DNK,Hot,2047,325.9667355761456
DNK,Hot,2048,329.5812229306278
DNK,Hot,2049,333.19571028510995
DNK,Hot,2050,336.81019763959216
ESP,Hot,2020,1014.5218159365295
ESP,Hot,2021,1039.7766828214546
ESP,Hot,2022,1065.0315497063798
ESP,Hot,2023,1090.2864165913047
ESP,Hot,2024,1115.5412834762299
ESP,Hot,2025,1140.796150361155
ESP,Hot,2026,1158.2616708996654
ESP,Hot,2027,1175.7271914381759
ESP,Hot,2028,1193.192711976686
ESP,Hot,2029,1210.6582325151965
ESP,Hot,2030,1228.1237530537069
ESP,Hot,2031,1247.9525041752167
ESP,Hot,2032,1267.7812552967266
ESP,Hot,2033,1287.6100064182365
ESP,Hot,2034,1307.4387575397463
ESP,Hot,2035,1327.2675086612562
ESP,Hot,2036,1347.973112770293
ESP,Hot,2037,1368.6787168793296
ESP,Hot,2038,1389.3843209883664
ESP,Hot,2039,1410.089925097403
ESP,Hot,2040,1430.7955292064398
ESP,Hot,2041,1452.725683652875
ESP,Hot,2042,1474.6558380993101
ESP,Hot,2043,1496.5859925457453
ESP,Hot,2044,1518.5161469921804
ESP,Hot,2045,1540.4463014386156
ESP,Hot,2046,1563.3403951159005
ESP,Hot,2047,1586.2344887931856
ESP,Hot,2048,1609.1285824704705
ESP,Hot,2049,1632.0226761477556
ESP,Hot,2050,1654.9167698250405
EST,Hot,2020,20.778006048116524
EST,Hot,2021,21.334229512403684
EST,Hot,2022,21.890452976690845
EST,Hot,2023,22.446676440978006
EST,Hot,2024,23.002899905265167
EST,Hot,2025,23.559123369552328
EST,Hot,2026,24.20575025363969
EST,Hot,2027,24.852377137727046
EST,Hot,2028,25.499004021814407
EST,Hot,2029,26.145630905901765
EST,Hot,2030,26.792257789989126
EST,Hot,2031,27.353903560068076
EST,Hot,2032,27.915549330147023
EST,Hot,2033,28.477195100225973
EST,Hot,2034,29.03884087030492
EST,Hot,2035,29.60048664038387
EST,Hot,2036,30.087437425744262
EST,Hot,2037,30.574388211104658
EST,Hot,2038,31.06133899646505
EST,Hot,2039,31.548289781825446
EST,Hot,2040,32.03524056718584
EST,Hot,2041,32.441745754339955
EST,Hot,2042,32.848250941494065
EST,Hot,2043,33.25475612864818
EST,Hot,2044,33.66126131580229
EST,Hot,2045,34.06776650295641
EST,Hot,2046,34.40787846816771
EST,Hot,2047,34.747990433379
EST,Hot,2048,35.0881023985903
EST,Hot,2049,35.428214363801594
EST,Hot,2050,35.76832632901289
FIN,Hot,2020,189.60902568946472
FIN,Hot,2021,192.626846936952
FIN,Hot,2022,195.64466818443933
FIN,Hot,2023,198.66248943192662
FIN,Hot,2024,201.68031067941394
FIN,Hot,2025,204.69813192690123
FIN,Hot,2026,207.48358390195722
FIN,Hot,2027,210.26903587701324
FIN,Hot,2028,213.05448785206923
FIN,Hot,2029,215.83993982712525
FIN,Hot,2030,218.62539180218124
FIN,Hot,2031,221.06329720600309
FIN,Hot,2032,223.50120260982493
FIN,Hot,2033,225.93910801364677
FIN,Hot,2034,228.37701341746862
FIN,Hot,2035,230.81491882129046
FIN,Hot,2036,233.18884255337903
FIN,Hot,2037,235.56276628546757
FIN,Hot,2038,237.93669001755615
FIN,Hot,2039,240.3106137496447
FIN,Hot,2040,242.68453748173326
FIN,Hot,2041,245.04198162839734
FIN,Hot,2042,247.3994257750614
FIN,Hot,2043,249.75686992172547
FIN,Hot,2044,252.11431406838952
FIN,Hot,2045,254.4717582150536
FIN,Hot,2046,256.8735315214947
FIN,Hot,2047,259.2753048279358
FIN,Hot,2048,261.6770781343769
FIN,Hot,2049,264.078851440818
FIN,Hot,2050,266.4806247472591
FRA,Hot,2020,1916.5565098667746
FRA,Hot,2021,1949.0525730781117
FRA,Hot,2022,1981.5486362894487
FRA,Hot,2023,2014.0446995007856
FRA,Hot,2024,2046.5407627121226
FRA,Hot,2025,2079.0368259234597
FRA,Hot,2026,2112.635141352532
FRA,Hot,2027,2146.233456781604
FRA,Hot,2028,2179.8317722106767
FRA,Hot,2029,2213.4300876397488
FRA,Hot,2030,2247.0284030688213
FRA,Hot,2031,2275.927207973422
FRA,Hot,2032,2304.8260128780225
FRA,Hot,2033,2333.7248177826227
FRA,Hot,2034,2362.6236226872234
FRA,Hot,2035,2391.522427591824
FRA,Hot,2036,2420.3916326699746
FRA,Hot,2037,2449.260837748125
FRA,Hot,2038,2478.130042826276
FRA,Hot,2039,2506.9992479044267
FRA,Hot,2040,2535.8684529825773
FRA,Hot,2041,2564.8339811747855
FRA,Hot,2042,2593.799509366994
FRA,Hot,2043,2622.765037559202
FRA,Hot,2044,2651.7305657514103
FRA,Hot,2045,2680.6960939436185
FRA,Hot,2046,2710.149955354266
FRA,Hot,2047,2739.6038167649135
FRA,Hot,2048,2769.057678175561
FRA,Hot,2049,2798.5115395862085
FRA,Hot,2050,2827.965400996856
GBR,Hot,2020,1.0
GBR,Hot,2021,1.0
GBR,Hot,2022,1.0
GBR,Hot,2023,1.0
GBR,Hot,2024,1.0
GBR,Hot,2025,1.0
GBR,Hot,2026,1.0
GBR,Hot,2027,1.0
GBR,Hot,2028,1.0
GBR,Hot,2029,1.0
GBR,Hot,2030,1.0
GBR,Hot,2031,1.0
GBR,Hot,2032,1.0
GBR,Hot,2033,1.0
GBR,Hot,2034,1.0
GBR,Hot,2035,1.0
GBR,Hot,2036,1.0
GBR,Hot,2037,1.0
GBR,Hot,2038,1.0
GBR,Hot,2039,1.0
GBR,Hot,2040,1.0
GBR,Hot,2041,1.0
GBR,Hot,2042,1.0
GBR,Hot,2043,1.0
GBR,Hot,2044,1.0
GBR,Hot,2045,1.0
GBR,Hot,2046,1.0
GBR,Hot,2047,1.0
GBR,Hot,2048,1.0
GBR,Hot,2049,1.0
GBR,Hot,2050,1.0
GRC,Hot,2020,136.5701860069638
GRC,Hot,2021,139.9120271416703
GRC,Hot,2022,143.2538682763768
GRC,Hot,2023,146.5957094110833
GRC,Hot,2024,149.9375505457898
GRC,Hot,2025,153.2793916804963
GRC,Hot,2026,155.70921340243376
GRC,Hot,2027,158.13903512437125
GRC,Hot,2028,160.5688568463087
GRC,Hot,2029,162.9986785682462
GRC,Hot,2030,165.42850029018365
GRC,Hot,2031,167.54906909030672
GRC,Hot,2032,169.6696378904298
GRC,Hot,2033,171.79020669055288
GRC,Hot,2034,173.91077549067597
GRC,Hot,2035,176.03134429079904
GRC,Hot,2036,178.3302751144633
GRC,Hot,2037,180.62920593812757
GRC,Hot,2038,182.92813676179182
GRC,Hot,2039,185.2270675854561
GRC,Hot,2040,187.52599840912035
GRC,Hot,2041,189.8804209931248
GRC,Hot,2042,192.23484357712925
GRC,Hot,2043,194.5892661611337
GRC,Hot,2044,196.94368874513816
GRC,Hot,2045,199.2981113291426
GRC,Hot,2046,201.67329491831333
GRC,Hot,2047,204.04847850748408
GRC,Hot,2048,206.4236620966548
GRC,Hot,2049,208.79884568582554
GRC,Hot,2050,211.17402927499626
HRV,Hot,2020,42.23556318200287
HRV,Hot,2021,43.82383878296628
HRV,Hot,2022,45.41211438392968
HRV,Hot,2023,47.00038998489309
HRV,Hot,2024,48.58866558585649
HRV,Hot,2025,50.176941186819896
HRV,Hot,2026,51.29595995725135
HRV,Hot,2027,52.41497872768281
HRV,Hot,2028,53.53399749811426
HRV,Hot,2029,54.65301626854572
HRV,Hot,2030,55.77203503897717
HRV,Hot,2031,56.719468904324444
HRV,Hot,2032,57.666902769671715
HRV,Hot,2033,58.61433663501899
HRV,Hot,2034,59.56177050036626
HRV,Hot,2035,60.50920436571353
HRV,Hot,2036,61.27698584819941
HRV,Hot,2037,62.04476733068529
HRV,Hot,2038,62.812548813171176
HRV,Hot,2039,63.580330295657056
HRV,Hot,2040,64.34811177814294
HRV,Hot,2041,64.96893356600076
HRV,Hot,2042,65.58975535385856
HRV,Hot,2043,66.21057714171639
HRV,Hot,2044,66.83139892957419
HRV,Hot,2045,67.45222071743201
HRV,Hot,2046,67.95776932606407
HRV,Hot,2047,68.46331793469614
HRV,Hot,2048,68.96886654332819
HRV,Hot,2049,69.47441515196026
HRV,Hot,2050,69.97996376059231
HUN,Hot,2020,90.37582133228804
HUN,Hot,2021,93.17825957403453
HUN,Hot,2022,95.98069781578103
HUN,Hot,2023,98.78313605752751
HUN,Hot,2024,101.58557429927401
HUN,Hot,2025,104.3880125410205
HUN,Hot,2026,106.94807084617214
HUN,Hot,2027,109.50812915132377
HUN,Hot,2028,112.06818745647541
HUN,Hot,2029,114.62824576162704
HUN,Hot,2030,117.18830406677868
HUN,Hot,2031,119.64041077363086
HUN,Hot,2032,122.09251748048304
HUN,Hot,2033,124.54462418733522
HUN,Hot,2034,126.9967308941874
HUN,Hot,2035,129.44883760103957
HUN,Hot,2036,131.7079232723693
HUN,Hot,2037,133.96700894369903
HUN,Hot,2038,136.22609461502873
HUN,Hot,2039,138.48518028635846
HUN,Hot,2040,140.74426595768819
HUN,Hot,2041,142.79604160433723
HUN,Hot,2042,144.84781725098625
HUN,Hot,2043,146.8995928976353
HUN,Hot,2044,148.95136854428432
HUN,Hot,2045,151.00314419093337
HUN,Hot,2046,152.87980803679417
HUN,Hot,2047,154.75647188265498
HUN,Hot,2048,156.6331357285158
HUN,Hot,2049,158.50979957437661
HUN,Hot,2050,160.38646342023742
IRL,Hot,2020,358.83289047025215
IRL,Hot,2021,381.29483456778365
IRL,Hot,2022,403.75677866531515
IRL,Hot,2023,426.2187227628467
IRL,Hot,2024,448.6806668603782
IRL,Hot,2025,471.1426109579097
IRL,Hot,2026,488.64504460970096
IRL,Hot,2027,506.1474782614922
IRL,Hot,2028,523.6499119132834
IRL,Hot,2029,541.1523455650747
IRL,Hot,2030,558.6547792168659
IRL,Hot,2031,574.1619610025549
IRL,Hot,2032,589.669142788244
IRL,Hot,2033,605.176324573933
IRL,Hot,2034,620.6835063596221
IRL,Hot,2035,636.1906881453111
IRL,Hot,2036,652.4808855407367
IRL,Hot,2037,668.7710829361624
IRL,Hot,2038,685.061280331588
IRL,Hot,2039,701.3514777270137
IRL,Hot,2040,717.6416751224393
IRL,Hot,2041,735.315979776537
IRL,Hot,2042,752.9902844306346
IRL,Hot,2043,770.6645890847323
IRL,Hot,2044,788.3388937388298
IRL,Hot,2045,806.0131983929275
IRL,Hot,2046,825.5169830354696
IRL,Hot,2047,845.0207676780116
IRL,Hot,2048,864.5245523205537
IRL,Hot,2049,884.0283369630956
IRL,Hot,2050,903.5321216056377
ITA,Hot,2020,1507.8477341146413
ITA,Hot,2021,1533.3366942528864
ITA,Hot,2022,1558.8256543911316
ITA,Hot,2023,1584.3146145293765
ITA,Hot,2024,1609.8035746676217
ITA,Hot,2025,1635.2925348058668
ITA,Hot,2026,1651.4776070127557
ITA,Hot,2027,1667.6626792196446
ITA,Hot,2028,1683.8477514265335
ITA,Hot,2029,1700.0328236334224
ITA,Hot,2030,1716.2178958403113
ITA,Hot,2031,1734.0573408383277
ITA,Hot,2032,1751.8967858363444
ITA,Hot,2033,1769.7362308343609
ITA,Hot,2034,1787.5756758323776
ITA,Hot,2035,1805.415120830394
ITA,Hot,2036,1823.465393621427
ITA,Hot,2037,1841.51566641246
ITA,Hot,2038,1859.5659392034931
ITA,Hot,2039,1877.616211994526
ITA,Hot,2040,1895.666484785559
ITA,Hot,2041,1914.0035076641095
ITA,Hot,2042,1932.34053054266
ITA,Hot,2043,1950.6775534212106
ITA,Hot,2044,1969.014576299761
ITA,Hot,2045,1987.3515991783115
ITA,Hot,2046,2005.5710767472492
ITA,Hot,2047,2023.7905543161867
ITA,Hot,2048,2042.0100318851244
ITA,Hot,2049,2060.229509454062
ITA,Hot,2050,2078.4489870229995
LTU,Hot,2020,28.32774720444058
LTU,Hot,2021,29.268154094533305
LTU,Hot,2022,30.20856098462603
LTU,Hot,2023,31.148967874718757
LTU,Hot,2024,32.08937476481148
LTU,Hot,2025,33.029781654904205
LTU,Hot,2026,33.983040521194496
LTU,Hot,2027,34.93629938748479
LTU,Hot,2028,35.88955825377508
LTU,Hot,2029,36.84281712006537
LTU,Hot,2030,37.79607598635566
LTU,Hot,2031,38.56025551473892
LTU,Hot,2032,39.324435043122186
LTU,Hot,2033,40.088614571505445
LTU,Hot,2034,40.85279409988871
LTU,Hot,2035,41.61697362827197
LTU,Hot,2036,42.22668843320395
LTU,Hot,2037,42.83640323813592
LTU,Hot,2038,43.4461180430679
LTU,Hot,2039,44.05583284799987
LTU,Hot,2040,44.66554765293185
LTU,Hot,2041,45.144894231413566
LTU,Hot,2042,45.624240809895284
LTU,Hot,2043,46.103587388376994
LTU,Hot,2044,46.58293396685871
LTU,Hot,2045,47.06228054534043
LTU,Hot,2046,47.41295121633217
LTU,Hot,2047,47.763621887323914
LTU,Hot,2048,48.114292558315654
LTU,Hot,2049,48.4649632293074
LTU,Hot,2050,48.81563390029914
LUX,Hot,2020,143.58615288362498
LUX,Hot,2021,147.73068262536117
LUX,Hot,2022,151.87521236709736
LUX,Hot,2023,156.01974210883353
LUX,Hot,2024,160.16427185056972
LUX,Hot,2025,164.3088015923059
LUX,Hot,2026,169.89777831924275
LUX,Hot,2027,175.48675504617955
LUX,Hot,2028,181.0757317731164
LUX,Hot,2029,186.6647085000532
LUX,Hot,2030,192.25368522699003
LUX,Hot,2031,197.22887396362748
LUX,Hot,2032,202.20406270026493
LUX,Hot,2033,207.1792514369024
LUX,Hot,2034,212.15444017353985
LUX,Hot,2035,217.1296289101773
LUX,Hot,2036,221.46058791795542
LUX,Hot,2037,225.79154692573354
LUX,Hot,2038,230.1225059335117
LUX,Hot,2039,234.4534649412898
LUX,Hot,2040,238.78442394906793
LUX,Hot,2041,242.421256957557
LUX,Hot,2042,246.05808996604608
LUX,Hot,2043,249.6949229745352
LUX,Hot,2044,253.33175598302427
LUX,Hot,2045,256.96858899151334
LUX,Hot,2046,260.1378177282981
LUX,Hot,2047,263.3070464650828
LUX,Hot,2048,266.47627520186757
LUX,Hot,2049,269.64550393865227
LUX,Hot,2050,272.814732675437
LVA,Hot,2020,25.215630905816905
LVA,Hot,2021,25.914232121526588
LVA,Hot,2022,26.61283333723627
LVA,Hot,2023,27.311434552945954
LVA,Hot,2024,28.010035768655634
LVA,Hot,2025,28.708636984365317
LVA,Hot,2026,29.362066288597447
LVA,Hot,2027,30.01549559282958
LVA,Hot,2028,30.66892489706171
LVA,Hot,2029,31.322354201293845
LVA,Hot,2030,31.975783505525975
LVA,Hot,2031,32.54732393153201
LVA,Hot,2032,33.11886435753805
LVA,Hot,2033,33.690404783544096
LVA,Hot,2034,34.261945209550134
LVA,Hot,2035,34.83348563555617
LVA,Hot,2036,35.326122071059764
LVA,Hot,2037,35.81875850656335
LVA,Hot,2038,36.31139494206694
LVA,Hot,2039,36.804031377570524
LVA,Hot,2040,37.296667813074116
LVA,Hot,2041,37.70811487629979
LVA,Hot,2042,38.11956193952546
LVA,Hot,2043,38.53100900275114
LVA,Hot,2044,38.94245606597681
LVA,Hot,2045,39.353903129202486
LVA,Hot,2046,39.72768408969899
LVA,Hot,2047,40.1014650501955
LVA,Hot,2048,40.475246010692004
LVA,Hot,2049,40.849026971188515
LVA,Hot,2050,41.22280793168502
MLT,Hot,2020,20.24276692348832
MLT,Hot,2021,21.407908463629692
MLT,Hot,2022,22.573050003771066
MLT,Hot,2023,23.738191543912443
MLT,Hot,2024,24.903333084053816
MLT,Hot,2025,26.06847462419519
MLT,Hot,2026,27.177393184122188
MLT,Hot,2027,28.286311744049186
MLT,Hot,2028,29.395230303976184
MLT,Hot,2029,30.50414886390318
MLT,Hot,2030,31.613067423830177
MLT,Hot,2031,32.73896533741804
MLT,Hot,2032,33.86486325100589
MLT,Hot,2033,34.99076116459375
MLT,Hot,2034,36.116659078181605
MLT,Hot,2035,37.24255699176946
MLT,Hot,2036,38.290339919313226
MLT,Hot,2037,39.33812284685699
MLT,Hot,2038,40.385905774400754
MLT,Hot,2039,41.43368870194452
MLT,Hot,2040,42.48147162948828
MLT,Hot,2041,43.442424751724765
MLT,Hot,2042,44.40337787396125
MLT,Hot,2043,45.36433099619774
MLT,Hot,2044,46.32528411843422
MLT,Hot,2045,47.2862372406707
MLT,Hot,2046,48.17078459454988
MLT,Hot,2047,49.05533194842905
MLT,Hot,2048,49.93987930230823
MLT,Hot,2049,50.8244266561874
MLT,Hot,2050,51.70897401006658
NLD,Hot,2020,764.8296336181911
NLD,Hot,2021,784.1527735203301
NLD,Hot,2022,803.4759134224691
NLD,Hot,2023,822.7990533246082
NLD,Hot,2024,842.1221932267472
NLD,Hot,2025,861.4453331288862
NLD,Hot,2026,881.0666279867717
NLD,Hot,2027,900.6879228446571
NLD,Hot,2028,920.3092177025425
NLD,Hot,2029,939.9305125604279
NLD,Hot,2030,959.5518074183134
NLD,Hot,2031,977.4671966834347
NLD,Hot,2032,995.3825859485561
NLD,Hot,2033,1013.2979752136773
NLD,Hot,2034,1031.2133644787987
NLD,Hot,2035,1049.12875374392
NLD,Hot,2036,1066.3880205477356
NLD,Hot,2037,1083.6472873515509
NLD,Hot,2038,1100.9065541553664
NLD,Hot,2039,1118.1658209591817
NLD,Hot,2040,1135.4250877629972
NLD,Hot,2041,1152.1966354669719
NLD,Hot,2042,1168.9681831709465
NLD,Hot,2043,1185.739730874921
NLD,Hot,2044,1202.5112785788956
NLD,Hot,2045,1219.2828262828702
NLD,Hot,2046,1235.5902771838742
NLD,Hot,2047,1251.8977280848783
NLD,Hot,2048,1268.2051789858822
NLD,Hot,2049,1284.5126298868863
NLD,Hot,2050,1300.8200807878902
POL,Hot,2020,353.3316557382694
POL,Hot,2021,367.82080230505835
POL,Hot,2022,382.30994887184727
POL,Hot,2023,396.79909543863624
POL,Hot,2024,411.28824200542516
POL,Hot,2025,425.77738857221414
POL,Hot,2026,440.00937798294166
POL,Hot,2027,454.2413673936692
POL,Hot,2028,468.47335680439664
POL,Hot,2029,482.70534621512417
POL,Hot,2030,496.9373356258517
POL,Hot,2031,510.46806246453156
POL,Hot,2032,523.9987893032114
POL,Hot,2033,537.5295161418913
POL,Hot,2034,551.0602429805712
POL,Hot,2035,564.5909698192511
POL,Hot,2036,577.3876899700902
POL,Hot,2037,590.1844101209292
POL,Hot,2038,602.9811302717684
POL,Hot,2039,615.7778504226075
POL,Hot,2040,628.5745705734465
POL,Hot,2041,639.2175636001574
POL,Hot,2042,649.8605566268682
POL,Hot,2043,660.5035496535791
POL,Hot,2044,671.1465426802898
POL,Hot,2045,681.7895357070007
POL,Hot,2046,691.2501859849306
POL,Hot,2047,700.7108362628603
POL,Hot,2048,710.1714865407902
POL,Hot,2049,719.6321368187199
POL,Hot,2050,729.0927870966498
PRT,Hot,2020,170.29784488097422
PRT,Hot,2021,174.62742965317616
PRT,Hot,2022,178.9570144253781
PRT,Hot,2023,183.28659919758002
PRT,Hot,2024,187.61618396978196
PRT,Hot,2025,191.9457687419839
PRT,Hot,2026,195.07960981435005
PRT,Hot,2027,198.2134508867162
PRT,Hot,2028,201.34729195908236
PRT,Hot,2029,204.4811330314485
PRT,Hot,2030,207.61497410381466
PRT,Hot,2031,210.87021974132816
PRT,Hot,2032,214.12546537884165
PRT,Hot,2033,217.38071101635515
PRT,Hot,2034,220.63595665386865
PRT,Hot,2035,223.89120229138214
PRT,Hot,2036,227.23953368986525
PRT,Hot,2037,230.58786508834837
PRT,Hot,2038,233.93619648683148
PRT,Hot,2039,237.2845278853146
PRT,Hot,2040,240.6328592837977
PRT,Hot,2041,243.98073681566618
PRT,Hot,2042,247.32861434753465
PRT,Hot,2043,250.6764918794031
PRT,Hot,2044,254.02436941127158
PRT,Hot,2045,257.37224694314006
PRT,Hot,2046,260.73451722045155
PRT,Hot,2047,264.09678749776305
PRT,Hot,2048,267.45905777507454
PRT,Hot,2049,270.82132805238604
PRT,Hot,2050,274.18359832969753
ROU,Hot,2020,124.84626286084229
ROU,Hot,2021,129.80911023140004
ROU,Hot,2022,134.7719576019578
ROU,Hot,2023,139.73480497251555
ROU,Hot,2024,144.6976523430733
ROU,Hot,2025,149.66049971363105
ROU,Hot,2026,153.58438056877236
ROU,Hot,2027,157.5082614239137
ROU,Hot,2028,161.432142279055
ROU,Hot,2029,165.35602313419633
ROU,Hot,2030,169.27990398933764
ROU,Hot,2031,172.89270576632012
ROU,Hot,2032,176.5055075433026
ROU,Hot,2033,180.11830932028505
ROU,Hot,2034,183.73111109726753
ROU,Hot,2035,187.34391287425
ROU,Hot,2036,190.4740147264147
ROU,Hot,2037,193.60411657857944
ROU,Hot,2038,196.73421843074414
ROU,Hot,2039,199.86432028290886
ROU,Hot,2040,202.99442213507356
ROU,Hot,2041,205.62050454362796
ROU,Hot,2042,208.24658695218238
ROU,Hot,2043,210.87266936073678
ROU,Hot,2044,213.4987517692912
ROU,Hot,2045,216.1248341778456
ROU,Hot,2046,218.3643464250251
ROU,Hot,2047,220.60385867220464
ROU,Hot,2048,222.84337091938414
ROU,Hot,2049,225.08288316656368
ROU,Hot,2050,227.32239541374318
SVK,Hot,2020,65.7949285351498
SVK,Hot,2021,67.47781016366172
SVK,Hot,2022,69.16069179217364
SVK,Hot,2023,70.84357342068554
SVK,Hot,2024,72.52645504919747
SVK,Hot,2025,74.20933667770939
SVK,Hot,2026,75.85550513578315
SVK,Hot,2027,77.5016735938569
SVK,Hot,2028,79.14784205193067
SVK,Hot,2029,80.79401051000443
SVK,Hot,2030,82.44017896807819
SVK,Hot,2031,84.13696160127003
SVK,Hot,2032,85.83374423446188
SVK,Hot,2033,87.53052686765373
SVK,Hot,2034,89.22730950084558
SVK,Hot,2035,90.92409213403742
SVK,Hot,2036,92.65065975629403
SVK,Hot,2037,94.37722737855066
SVK,Hot,2038,96.10379500080727
SVK,Hot,2039,97.83036262306389
SVK,Hot,2040,99.5569302453205
SVK,Hot,2041,101.24622998683236
SVK,Hot,2042,102.93552972834422
SVK,Hot,2043,104.6248294698561
SVK,Hot,2044,106.31412921136796
SVK,Hot,2045,108.00342895287982
SVK,Hot,2046,109.6703057721822
SVK,Hot,2047,111.3371825914846
SVK,Hot,2048,113.004059410787
SVK,Hot,2049,114.6709362300894
SVK,Hot,2050,116.33781304939178
SVN,Hot,2020,34.27554372149927
SVN,Hot,2021,35.278122407202204
SVN,Hot,2022,36.28070109290514
SVN,Hot,2023,37.28327977860807
SVN,Hot,2024,38.285858464311005
SVN,Hot,2025,39.28843715001394
SVN,Hot,2026,40.12752085131109
SVN,Hot,2027,40.96660455260824
SVN,Hot,2028,41.805688253905394
SVN,Hot,2029,42.64477195520254
SVN,Hot,2030,43.48385565649969
SVN,Hot,2031,44.24164267429655
SVN,Hot,2032,44.999429692093415
SVN,Hot,2033,45.75721670989027
SVN,Hot,2034,46.51500372768714
SVN,Hot,2035,47.272790745483995
SVN,Hot,2036,47.94607462938056
SVN,Hot,2037,48.619358513277135
SVN,Hot,2038,49.2926423971737
SVN,Hot,2039,49.965926281070274
SVN,Hot,2040,50.63921016496684
SVN,Hot,2041,51.22630517816221
SVN,Hot,2042,51.813400191357566
SVN,Hot,2043,52.40049520455293
SVN,Hot,2044,52.98759021774829
SVN,Hot,2045,53.57468523094366
SVN,Hot,2046,54.11848390423333
SVN,Hot,2047,54.662282577523
SVN,Hot,2048,55.206081250812666
SVN,Hot,2049,55.74987992410234
SVN,Hot,2050,56.29367859739201
SWE,Hot,2020,378.4892246646507
SWE,Hot,2021,387.0713662946208
SWE,Hot,2022,395.65350792459094
SWE,Hot,2023,404.23564955456106
SWE,Hot,2024,412.8177911845312
SWE,Hot,2025,421.3999328145013
SWE,Hot,2026,431.4594246258667
SWE,Hot,2027,441.51891643723206
SWE,Hot,2028,451.5784082485975
SWE,Hot,2029,461.6379000599629
SWE,Hot,2030,471.69739187132825
SWE,Hot,2031,480.92492982447294
SWE,Hot,2032,490.15246777761763
SWE,Hot,2033,499.38000573076226
SWE,Hot,2034,508.60754368390695
SWE,Hot,2035,517.8350816370516
SWE,Hot,2036,526.5918701641989
SWE,Hot,2037,535.3486586913461
SWE,Hot,2038,544.1054472184934
SWE,Hot,2039,552.8622357456406
SWE,Hot,2040,561.6190242727879
SWE,Hot,2041,570.2182065158361
SWE,Hot,2042,578.8173887588842
SWE,Hot,2043,587.4165710019324
SWE,Hot,2044,596.0157532449806
SWE,Hot,2045,604.6149354880288
SWE,Hot,2046,613.2362950243574
SWE,Hot,2047,621.8576545606861
SWE,Hot,2048,630.4790140970148
SWE,Hot,2049,639.1003736333435
SWE,Hot,2050,647.7217331696721
AUT,Edu,2020,70.84496224056538
AUT,Edu,2021,71.7617076895879
AUT,Edu,2022,72.6784531386104
AUT,Edu,2023,73.59519858763291
AUT,Edu,2024,74.51194403665541
AUT,Edu,2025,75.42868948567792
AUT,Edu,2026,76.92799939322433
AUT,Edu,2027,78.42730930077073
AUT,Edu,2028,79.92661920831712
AUT,Edu,2029,81.42592911586352
AUT,Edu,2030,82.92523902340993
AUT,Edu,2031,84.08549097750223
AUT,Edu,2032,85.24574293159455
AUT,Edu,2033,86.40599488568685
AUT,Edu,2034,87.56624683977917
AUT,Edu,2035,88.72649879387147
AUT,Edu,2036,89.84496097175912
AUT,Edu,2037,90.96342314964676
AUT,Edu,2038,92.08188532753441
AUT,Edu,2039,93.20034750542204
AUT,Edu,2040,94.3188096833097
AUT,Edu,2041,95.44207486545633
AUT,Edu,2042,96.56534004760299
AUT,Edu,2043,97.68860522974963
AUT,Edu,2044,98.81187041189628
AUT,Edu,2045,99.93513559404292
AUT,Edu,2046,101.01408669564086
AUT,Edu,2047,102.0930377972388
AUT,Edu,2048,103.17198889883672
AUT,Edu,2049,104.25094000043465
AUT,Edu,2050,105.32989110203259
BEL,Edu,2020,120.07733094134942
BEL,Edu,2021,121.84780725476347
BEL,Edu,2022,123.61828356817753
BEL,Edu,2023,125.38875988159158
BEL,Edu,2024,127.15923619500565
BEL,Edu,2025,128.9297125084197
BEL,Edu,2026,131.0752207811673
BEL,Edu,2027,133.2207290539149
BEL,Edu,2028,135.36623732666254
BEL,Edu,2029,137.51174559941015
BEL,Edu,2030,139.65725387215775
BEL,Edu,2031,141.6306628725739
BEL,Edu,2032,143.6040718729901
BEL,Edu,2033,145.57748087340624
BEL,Edu,2034,147.55088987382243
BEL,Edu,2035,149.52429887423858
BEL,Edu,2036,151.36383863792528
BEL,Edu,2037,153.203378401612
BEL,Edu,2038,155.04291816529872
BEL,Edu,2039,156.88245792898545
BEL,Edu,2040,158.72199769267215
BEL,Edu,2041,160.48314430099063
BEL,Edu,2042,162.2442909093091
BEL,Edu,2043,164.00543751762757
BEL,Edu,2044,165.76658412594603
BEL,Edu,2045,167.5277307342645
BEL,Edu,2046,169.28048178736356
BEL,Edu,2047,171.03323284046257
BEL,Edu,2048,172.78598389356162
BEL,Edu,2049,174.53873494666064
BEL,Edu,2050,176.2914859997597
BGR,Edu,2020,9.247887008848888
BGR,Edu,2021,9.472372521192833
BGR,Edu,2022,9.696858033536778
BGR,Edu,2023,9.921343545880724
BGR,Edu,2024,10.145829058224669
BGR,Edu,2025,10.370314570568613
BGR,Edu,2026,10.660959884382587
BGR,Edu,2027,10.95160519819656
BGR,Edu,2028,11.242250512010536
BGR,Edu,2029,11.53289582582451
BGR,Edu,2030,11.823541139638483
BGR,Edu,2031,12.080783601273964
BGR,Edu,2032,12.338026062909444
BGR,Edu,2033,12.595268524544926
BGR,Edu,2034,12.852510986180405
BGR,Edu,2035,13.109753447815887
BGR,Edu,2036,13.32797100439657
BGR,Edu,2037,13.546188560977253
BGR,Edu,2038,13.764406117557938
BGR,Edu,2039,13.98262367413862
BGR,Edu,2040,14.200841230719304
BGR,Edu,2041,14.39340298049228
BGR,Edu,2042,14.585964730265255
BGR,Edu,2043,14.778526480038229
BGR,Edu,2044,14.971088229811205
BGR,Edu,2045,15.16364997958418
BGR,Edu,2046,15.344092394183518
BGR,Edu,2047,15.524534808782855
BGR,Edu,2048,15.70497722338219
BGR,Edu,2049,15.885419637981528
BGR,Edu,2050,16.065862052580865
CYP,Edu,2020,4.0333606369376485
CYP,Edu,2021,4.147663755424817
CYP,Edu,2022,4.261966873911985
CYP,Edu,2023,4.376269992399153
CYP,Edu,2024,4.490573110886321
CYP,Edu,2025,4.604876229373489
CYP,Edu,2026,4.7308654135196715
CYP,Edu,2027,4.856854597665854
CYP,Edu,2028,4.982843781812036
CYP,Edu,2029,5.108832965958219
CYP,Edu,2030,5.234822150104401
CYP,Edu,2031,5.366160014102725
CYP,Edu,2032,5.497497878101048
CYP,Edu,2033,5.628835742099372
CYP,Edu,2034,5.760173606097695
CYP,Edu,2035,5.8915114700960185
CYP,Edu,2036,6.0243936236817905
CYP,Edu,2037,6.1572757772675635
CYP,Edu,2038,6.2901579308533355
CYP,Edu,2039,6.4230400844391085
CYP,Edu,2040,6.5559222380248805
CYP,Edu,2041,6.692190351423984
CYP,Edu,2042,6.828458464823088
CYP,Edu,2043,6.964726578222192
CYP,Edu,2044,7.100994691621295
CYP,Edu,2045,7.237262805020399
CYP,Edu,2046,7.377545910601108
CYP,Edu,2047,7.517829016181817
CYP,Edu,2048,7.658112121762525
CYP,Edu,2049,7.798395227343234
CYP,Edu,2050,7.938678332923943
CZE,Edu,2020,35.014240834541866
CZE,Edu,2021,35.55636477388302
CZE,Edu,2022,36.09848871322417
CZE,Edu,2023,36.640612652565316
CZE,Edu,2024,37.18273659190647
CZE,Edu,2025,37.72486053124762
CZE,Edu,2026,38.37428162617872
CZE,Edu,2027,39.02370272110983
CZE,Edu,2028,39.67312381604093
CZE,Edu,2029,40.322544910972034
CZE,Edu,2030,40.971966005903134
CZE,Edu,2031,41.58918779019972
CZE,Edu,2032,42.20640957449631
CZE,Edu,2033,42.823631358792895
CZE,Edu,2034,43.440853143089484
CZE,Edu,2035,44.05807492738607
CZE,Edu,2036,44.66262405596015
CZE,Edu,2037,45.267173184534236
CZE,Edu,2038,45.871722313108314
CZE,Edu,2039,46.4762714416824
CZE,Edu,2040,47.08082057025648
CZE,Edu,2041,47.663472962970395
CZE,Edu,2042,48.24612535568432
CZE,Edu,2043,48.82877774839824
CZE,Edu,2044,49.41143014111216
CZE,Edu,2045,49.99408253382608
CZE,Edu,2046,50.555985143809814
CZE,Edu,2047,51.11788775379354
CZE,Edu,2048,51.67979036377727
CZE,Edu,2049,52.241692973761
CZE,Edu,2050,52.80359558374473
DEU,Edu,2020,746.5197113814971
DEU,Edu,2021,754.1085533584405
DEU,Edu,2022,761.6973953353839
DEU,Edu,2023,769.2862373123273
DEU,Edu,2024,776.8750792892707
DEU,Edu,2025,784.4639212662141
DEU,Edu,2026,793.076266353412
DEU,Edu,2027,801.68861144061
DEU,Edu,2028,810.3009565278078
DEU,Edu,2029,818.9133016150057
DEU,Edu,2030,827.5256467022036
DEU,Edu,2031,836.5200825937565
DEU,Edu,2032,845.5145184853093
DEU,Edu,2033,854.5089543768621
DEU,Edu,2034,863.5033902684149
DEU,Edu,2035,872.4978261599678
DEU,Edu,2036,882.7511033519057
DEU,Edu,2037,893.0043805438437
DEU,Edu,2038,903.2576577357817
DEU,Edu,2039,913.5109349277196
DEU,Edu,2040,923.7642121196576
DEU,Edu,2041,934.5327922195964
DEU,Edu,2042,945.3013723195353
DEU,Edu,2043,956.0699524194742
DEU,Edu,2044,966.8385325194131
DEU,Edu,2045,977.6071126193519
DEU,Edu,2046,987.9786213807973
DEU,Edu,2047,998.3501301422427
DEU,Edu,2048,1008.721638903688
DEU,Edu,2049,1019.0931476651334
DEU,Edu,2050,1029.4646564265788
DNK,Edu,2020,94.77352230270155
DNK,Edu,2021,96.55119330736659
DNK,Edu,2022,98.32886431203164
DNK,Edu,2023,100.10653531669668
DNK,Edu,2024,101.88420632136173
DNK,Edu,2025,103.66187732602677
DNK,Edu,2026,105.08562411318157
DNK,Edu,2027,106.50937090033636
DNK,Edu,2028,107.93311768749118
DNK,Edu,2029,109.35686447464597
DNK,Edu,2030,110.78061126180077
DNK,Edu,2031,112.17872361357716
DNK,Edu,2032,113.57683596535355
DNK,Edu,2033,114.97494831712993
DNK,Edu,2034,116.37306066890632
DNK,Edu,2035,117.77117302068271
DNK,Edu,2036,119.19917489447747
DNK,Edu,2037,120.62717676827222
DNK,Edu,2038,122.05517864206696
DNK,Edu,2039,123.48318051586172
DNK,Edu,2040,124.91118238965647
DNK,Edu,2041,126.44961559385719
DNK,Edu,2042,127.9880487980579
DNK,Edu,2043,129.52648200225863
DNK,Edu,2044,131.06491520645935
DNK,Edu,2045,132.60334841066006
DNK,Edu,2046,134.2175186211598
DNK,Edu,2047,135.83168883165956
DNK,Edu,2048,137.4458590421593
DNK,Edu,2049,139.06002925265906
DNK,Edu,2050,140.6741994631588
ESP,Edu,2020,245.4076118531956
ESP,Edu,2021,250.0495861808754
ESP,Edu,2022,254.69156050855517
ESP,Edu,2023,259.33353483623495
ESP,Edu,2024,263.97550916391475
ESP,Edu,2025,268.61748349159456
ESP,Edu,2026,272.42487279942526
ESP,Edu,2027,276.232262107256
ESP,Edu,2028,280.0396514150867
ESP,Edu,2029,283.8470407229175
ESP,Edu,2030,287.6544300307482
ESP,Edu,2031,292.6628404706816
ESP,Edu,2032,297.671250910615
ESP,Edu,2033,302.6796613505485
ESP,Edu,2034,307.6880717904819
ESP,Edu,2035,312.6964822304153
ESP,Edu,2036,318.3380410615622
ESP,Edu,2037,323.979599892709
ESP,Edu,2038,329.6211587238559
ESP,Edu,2039,335.2627175550027
ESP,Edu,2040,340.9042763861496
ESP,Edu,2041,346.856461287443
ESP,Edu,2042,352.80864618873636
ESP,Edu,2043,358.7608310900298
ESP,Edu,2044,364.7130159913232
ESP,Edu,2045,370.66520089261655
ESP,Edu,2046,376.78124921000057
ESP,Edu,2047,382.8972975273846
ESP,Edu,2048,389.0133458447686
ESP,Edu,2049,395.1293941621526
ESP,Edu,2050,401.2454424795366
EST,Edu,2020,5.523808142480652
EST,Edu,2021,5.613549581690389
EST,Edu,2022,5.703291020900125
EST,Edu,2023,5.793032460109862
EST,Edu,2024,5.882773899319599
EST,Edu,2025,5.972515338529336
EST,Edu,2026,6.174227587039659
EST,Edu,2027,6.375939835549982
EST,Edu,2028,6.577652084060305
EST,Edu,2029,6.779364332570628
EST,Edu,2030,6.981076581080951
EST,Edu,2031,7.1130361614486945
EST,Edu,2032,7.244995741816437
EST,Edu,2033,7.37695532218418
EST,Edu,2034,7.508914902551923
EST,Edu,2035,7.640874482919666
EST,Edu,2036,7.737920240736074
EST,Edu,2037,7.834965998552482
EST,Edu,2038,7.932011756368889
EST,Edu,2039,8.029057514185297
EST,Edu,2040,8.126103272001705
EST,Edu,2041,8.193010121709776
EST,Edu,2042,8.259916971417848
EST,Edu,2043,8.326823821125918
EST,Edu,2044,8.39373067083399
EST,Edu,2045,8.460637520542061
EST,Edu,2046,8.512036729283443
EST,Edu,2047,8.563435938024824
EST,Edu,2048,8.614835146766204
EST,Edu,2049,8.666234355507585
EST,Edu,2050,8.717633564248967
FIN,Edu,2020,58.962455334453466
FIN,Edu,2021,59.65057963180239
FIN,Edu,2022,60.338703929151315
FIN,Edu,2023,61.026828226500236
FIN,Edu,2024,61.71495252384916
FIN,Edu,2025,62.403076821198084
FIN,Edu,2026,63.302255002257866
FIN,Edu,2027,64.20143318331765
FIN,Edu,2028,65.10061136437741
FIN,Edu,2029,65.9997895454372
FIN,Edu,2030,66.89896772649698
FIN,Edu,2031,67.660652750906
FIN,Edu,2032,68.42233777531501
FIN,Edu,2033,69.18402279972405
FIN,Edu,2034,69.94570782413307
FIN,Edu,2035,70.70739284854209
FIN,Edu,2036,71.48462653229407
FIN,Edu,2037,72.26186021604606
FIN,Edu,2038,73.03909389979806
FIN,Edu,2039,73.81632758355005
FIN,Edu,2040,74.59356126730204
FIN,Edu,2041,75.3841978938171
FIN,Edu,2042,76.17483452033215
FIN,Edu,2043,76.96547114684722
FIN,Edu,2044,77.75610777336227
FIN,Edu,2045,78.54674439987734
FIN,Edu,2046,79.36188485813987
FIN,Edu,2047,80.1770253164024
FIN,Edu,2048,80.99216577466495
FIN,Edu,2049,81.80730623292749
FIN,Edu,2050,82.62244669119002
FRA,Edu,2020,515.5697422437028
FRA,Edu,2021,521.9180401847918
FRA,Edu,2022,528.2663381258809
FRA,Edu,2023,534.6146360669699
FRA,Edu,2024,540.9629340080589
FRA,Edu,2025,547.311231949148
FRA,Edu,2026,556.2866734507498
FRA,Edu,2027,565.2621149523516
FRA,Edu,2028,574.2375564539534
FRA,Edu,2029,583.2129979555551
FRA,Edu,2030,592.188439457157
FRA,Edu,2031,600.1242206117597
FRA,Edu,2032,608.0600017663625
FRA,Edu,2033,615.9957829209651
FRA,Edu,2034,623.9315640755678
FRA,Edu,2035,631.8673452301706
FRA,Edu,2036,639.9381421580194
FRA,Edu,2037,648.0089390858683
FRA,Edu,2038,656.079736013717
FRA,Edu,2039,664.1505329415659
FRA,Edu,2040,672.2213298694147
FRA,Edu,2041,680.4424325194271
FRA,Edu,2042,688.6635351694397
FRA,Edu,2043,696.8846378194521
FRA,Edu,2044,705.1057404694646
FRA,Edu,2045,713.3268431194771
FRA,Edu,2046,721.8350636662939
FRA,Edu,2047,730.3432842131106
FRA,Edu,2048,738.8515047599274
FRA,Edu,2049,747.359725306744
FRA,Edu,2050,755.8679458535609
GBR,Edu,2020,1.0
GBR,Edu,2021,1.0
GBR,Edu,2022,1.0
GBR,Edu,2023,1.0
GBR,Edu,2024,1.0
GBR,Edu,2025,1.0
GBR,Edu,2026,1.0
GBR,Edu,2027,1.0
GBR,Edu,2028,1.0
GBR,Edu,2029,1.0
GBR,Edu,2030,1.0
GBR,Edu,2031,1.0
GBR,Edu,2032,1.0
GBR,Edu,2033,1.0
GBR,Edu,2034,1.0
GBR,Edu,2035,1.0
GBR,Edu,2036,1.0
GBR,Edu,2037,1.0
GBR,Edu,2038,1.0
GBR,Edu,2039,1.0
GBR,Edu,2040,1.0
GBR,Edu,2041,1.0
GBR,Edu,2042,1.0
GBR,Edu,2043,1.0
GBR,Edu,2044,1.0
GBR,Edu,2045,1.0
GBR,Edu,2046,1.0
GBR,Edu,2047,1.0
GBR,Edu,2048,1.0
GBR,Edu,2049,1.0
GBR,Edu,2050,1.0
GRC,Edu,2020,39.82720924593007
GRC,Edu,2021,40.63858278252373
GRC,Edu,2022,41.44995631911738
GRC,Edu,2023,42.26132985571103
GRC,Edu,2024,43.07270339230469
GRC,Edu,2025,43.884076928898345
GRC,Edu,2026,44.76793235497711
GRC,Edu,2027,45.65178778105588
GRC,Edu,2028,46.53564320713464
GRC,Edu,2029,47.41949863321341
GRC,Edu,2030,48.303354059292175
GRC,Edu,2031,49.01503704115747
GRC,Edu,2032,49.726720023022764
GRC,Edu,2033,50.43840300488806
GRC,Edu,2034,51.15008598675335
GRC,Edu,2035,51.86176896861865
GRC,Edu,2036,52.648330889793776
GRC,Edu,2037,53.43489281096891
GRC,Edu,2038,54.22145473214404
GRC,Edu,2039,55.008016653319174
GRC,Edu,2040,55.7945785744943
GRC,Edu,2041,56.57175857761273
GRC,Edu,2042,57.34893858073115
GRC,Edu,2043,58.12611858384958
GRC,Edu,2044,58.903298586968006
GRC,Edu,2045,59.68047859008643
GRC,Edu,2046,60.431034981684945
GRC,Edu,2047,61.18159137328347
GRC,Edu,2048,61.93214776488198
GRC,Edu,2049,62.682704156480504
GRC,Edu,2050,63.43326054807902
HRV,Edu,2020,12.19080496629242
HRV,Edu,2021,12.56709276725821
HRV,Edu,2022,12.943380568223999
HRV,Edu,2023,13.319668369189788
HRV,Edu,2024,13.69595617015558
HRV,Edu,2025,14.072243971121368
HRV,Edu,2026,14.430963054702287
HRV,Edu,2027,14.789682138283206
HRV,Edu,2028,15.148401221864125
HRV,Edu,2029,15.507120305445044
HRV,Edu,2030,15.865839389025963
HRV,Edu,2031,16.114730058302005
HRV,Edu,2032,16.36362072757805
HRV,Edu,2033,16.612511396854092
HRV,Edu,2034,16.861402066130136
HRV,Edu,2035,17.11029273540618
HRV,Edu,2036,17.271747102395707
HRV,Edu,2037,17.433201469385235
HRV,Edu,2038,17.594655836374763
HRV,Edu,2039,17.75611020336429
HRV,Edu,2040,17.917564570353818
HRV,Edu,2041,18.02454739121822
HRV,Edu,2042,18.131530212082623
HRV,Edu,2043,18.238513032947026
HRV,Edu,2044,18.34549585381143
HRV,Edu,2045,18.45247867467583
HRV,Edu,2046,18.526043138864726
HRV,Edu,2047,18.59960760305362
HRV,Edu,2048,18.67317206724252
HRV,Edu,2049,18.746736531431413
HRV,Edu,2050,18.820300995620308
HUN,Edu,2020,31.978016880467944
HUN,Edu,2021,32.755283027610204
HUN,Edu,2022,33.53254917475246
HUN,Edu,2023,34.30981532189472
HUN,Edu,2024,35.087081469036974
HUN,Edu,2025,35.86434761617923
HUN,Edu,2026,36.821724492654695
HUN,Edu,2027,37.77910136913015
HUN,Edu,2028,38.73647824560562
HUN,Edu,2029,39.693855122081075
HUN,Edu,2030,40.65123199855654
HUN,Edu,2031,41.454575423692724
HUN,Edu,2032,42.25791884882891
HUN,Edu,2033,43.06126227396509
HUN,Edu,2034,43.864605699101276
HUN,Edu,2035,44.66794912423746
HUN,Edu,2036,45.3232996327219
HUN,Edu,2037,45.97865014120633
HUN,Edu,2038,46.63400064969077
HUN,Edu,2039,47.2893511581752
HUN,Edu,2040,47.94470166665964
HUN,Edu,2041,48.48416672108648
HUN,Edu,2042,49.02363177551332
HUN,Edu,2043,49.56309682994016
HUN,Edu,2044,50.102561884367
HUN,Edu,2045,50.64202693879384
HUN,Edu,2046,51.11332717184522
HUN,Edu,2047,51.584627404896594
HUN,Edu,2048,52.055927637947974
HUN,Edu,2049,52.52722787099935
HUN,Edu,2050,52.99852810405073
IRL,Edu,2020,65.29270708125088
IRL,Edu,2021,68.59368376922745
IRL,Edu,2022,71.89466045720404
IRL,Edu,2023,75.19563714518061
IRL,Edu,2024,78.4966138331572
IRL,Edu,2025,81.79759052113377
IRL,Edu,2026,84.38348285868406
IRL,Edu,2027,86.96937519623435
IRL,Edu,2028,89.55526753378466
IRL,Edu,2029,92.14115987133495
IRL,Edu,2030,94.72705220888524
IRL,Edu,2031,96.93437610425417
IRL,Edu,2032,99.1416999996231
IRL,Edu,2033,101.34902389499202
IRL,Edu,2034,103.55634779036095
IRL,Edu,2035,105.76367168572988
IRL,Edu,2036,108.22610106436433
IRL,Edu,2037,110.68853044299877
IRL,Edu,2038,113.15095982163322
IRL,Edu,2039,115.61338920026766
IRL,Edu,2040,118.07581857890212
IRL,Edu,2041,120.84912769887613
IRL,Edu,2042,123.62243681885015
IRL,Edu,2043,126.39574593882415
IRL,Edu,2044,129.16905505879816
IRL,Edu,2045,131.94236417877218
IRL,Edu,2046,135.00307150248304
IRL,Edu,2047,138.0637788261939
IRL,Edu,2048,141.12448614990475
IRL,Edu,2049,144.1851934736156
IRL,Edu,2050,147.24590079732647
ITA,Edu,2020,343.30912205079534
ITA,Edu,2021,347.6336667038895
ITA,Edu,2022,351.9582113569836
ITA,Edu,2023,356.2827560100778
ITA,Edu,2024,360.6073006631719
ITA,Edu,2025,364.93184531626605
ITA,Edu,2026,368.57466042118693
ITA,Edu,2027,372.2174755261078
ITA,Edu,2028,375.86029063102876
ITA,Edu,2029,379.50310573594965
ITA,Edu,2030,383.14592084087053
ITA,Edu,2031,387.73870355125814
ITA,Edu,2032,392.33148626164575
ITA,Edu,2033,396.9242689720333
ITA,Edu,2034,401.5170516824209
ITA,Edu,2035,406.1098343928085
ITA,Edu,2036,410.7984132594262
ITA,Edu,2037,415.48699212604384
ITA,Edu,2038,420.1755709926615
ITA,Edu,2039,424.86414985927917
ITA,Edu,2040,429.5527287258968
ITA,Edu,2041,434.3128165066983
ITA,Edu,2042,439.0729042874998
ITA,Edu,2043,443.8329920683012
ITA,Edu,2044,448.5930798491027
ITA,Edu,2045,453.3531676299042
ITA,Edu,2046,457.97986725589124
ITA,Edu,2047,462.6065668818783
ITA,Edu,2048,467.23326650786527
ITA,Edu,2049,471.8599661338523
ITA,Edu,2050,476.48666575983935
LTU,Edu,2020,7.527827952284661
LTU,Edu,2021,7.694185246218998
LTU,Edu,2022,7.860542540153336
LTU,Edu,2023,8.026899834087674
LTU,Edu,2024,8.19325712802201
LTU,Edu,2025,8.359614421956348
LTU,Edu,2026,8.583068976525706
LTU,Edu,2027,8.806523531095065
LTU,Edu,2028,9.029978085664423
LTU,Edu,2029,9.253432640233783
LTU,Edu,2030,9.47688719480314
LTU,Edu,2031,9.58979692426305
LTU,Edu,2032,9.70270665372296
LTU,Edu,2033,9.815616383182869
LTU,Edu,2034,9.928526112642778
LTU,Edu,2035,10.041435842102688
LTU,Edu,2036,10.10592124649465
LTU,Edu,2037,10.170406650886612
LTU,Edu,2038,10.234892055278575
LTU,Edu,2039,10.299377459670536
LTU,Edu,2040,10.363862864062499
LTU,Edu,2041,10.400468867242207
LTU,Edu,2042,10.437074870421917
LTU,Edu,2043,10.473680873601625
LTU,Edu,2044,10.510286876781334
LTU,Edu,2045,10.546892879961042
LTU,Edu,2046,10.555360412978837
LTU,Edu,2047,10.563827945996632
LTU,Edu,2048,10.572295479014429
LTU,Edu,2049,10.580763012032223
LTU,Edu,2050,10.589230545050018
LUX,Edu,2020,17.524701618305286
LUX,Edu,2021,17.89963196148919
LUX,Edu,2022,18.274562304673097
LUX,Edu,2023,18.649492647857002
LUX,Edu,2024,19.024422991040908
LUX,Edu,2025,19.399353334224813
LUX,Edu,2026,19.99895423940151
LUX,Edu,2027,20.59855514457821
LUX,Edu,2028,21.198156049754907
LUX,Edu,2029,21.797756954931607
LUX,Edu,2030,22.397357860108304
LUX,Edu,2031,22.828694399972235
LUX,Edu,2032,23.260030939836167
LUX,Edu,2033,23.691367479700098
LUX,Edu,2034,24.12270401956403
LUX,Edu,2035,24.55404055942796
LUX,Edu,2036,24.904576077964933
LUX,Edu,2037,25.255111596501905
LUX,Edu,2038,25.60564711503888
LUX,Edu,2039,25.956182633575853
LUX,Edu,2040,26.306718152112825
LUX,Edu,2041,26.584248973924
LUX,Edu,2042,26.861779795735174
LUX,Edu,2043,27.13931061754635
LUX,Edu,2044,27.416841439357523
LUX,Edu,2045,27.6943722611687
LUX,Edu,2046,27.946259964709522
LUX,Edu,2047,28.198147668250346
LUX,Edu,2048,28.45003537179117
LUX,Edu,2049,28.701923075331994
LUX,Edu,2050,28.953810778872818
LVA,Edu,2020,5.939009639919248
LVA,Edu,2021,6.052869710500113
LVA,Edu,2022,6.16672978108098
LVA,Edu,2023,6.280589851661845
LVA,Edu,2024,6.394449922242711
LVA,Edu,2025,6.508309992823577
LVA,Edu,2026,6.632373335929221
LVA,Edu,2027,6.756436679034864
LVA,Edu,2028,6.880500022140508
LVA,Edu,2029,7.004563365246151
LVA,Edu,2030,7.128626708351795
LVA,Edu,2031,7.224390710791454
LVA,Edu,2032,7.320154713231114
LVA,Edu,2033,7.415918715670773
LVA,Edu,2034,7.511682718110433
LVA,Edu,2035,7.607446720550092
LVA,Edu,2036,7.68081093208505
LVA,Edu,2037,7.754175143620008
LVA,Edu,2038,7.8275393551549675
LVA,Edu,2039,7.900903566689926
LVA,Edu,2040,7.974267778224884
LVA,Edu,2041,8.026498930606191
LVA,Edu,2042,8.078730082987498
LVA,Edu,2043,8.130961235368805
LVA,Edu,2044,8.183192387750113
LVA,Edu,2045,8.23542354013142
LVA,Edu,2046,8.286208817378805
LVA,Edu,2047,8.33699409462619
LVA,Edu,2048,8.387779371873577
LVA,Edu,2049,8.438564649120963
LVA,Edu,2050,8.489349926368348
MLT,Edu,2020,4.501437028033869
MLT,Edu,2021,4.682459811289551
MLT,Edu,2022,4.863482594545234
MLT,Edu,2023,5.044505377800916
MLT,Edu,2024,5.225528161056599
MLT,Edu,2025,5.406550944312281
MLT,Edu,2026,5.608147414120393
MLT,Edu,2027,5.809743883928505
MLT,Edu,2028,6.0113403537366175
MLT,Edu,2029,6.212936823544729
MLT,Edu,2030,6.414533293352841
MLT,Edu,2031,6.606523418839308
MLT,Edu,2032,6.798513544325775
MLT,Edu,2033,6.990503669812243
MLT,Edu,2034,7.1824937952987105
MLT,Edu,2035,7.374483920785178
MLT,Edu,2036,7.532047607279468
MLT,Edu,2037,7.6896112937737575
MLT,Edu,2038,7.847174980268048
MLT,Edu,2039,8.004738666762337
MLT,Edu,2040,8.162302353256628
MLT,Edu,2041,8.297279227074187
MLT,Edu,2042,8.432256100891745
MLT,Edu,2043,8.567232974709304
MLT,Edu,2044,8.702209848526863
MLT,Edu,2045,8.837186722344422
MLT,Edu,2046,8.957342100070303
MLT,Edu,2047,9.077497477796184
MLT,Edu,2048,9.197652855522067
MLT,Edu,2049,9.317808233247948
MLT,Edu,2050,9.43796361097383
NLD,Edu,2020,216.13956870268518
NLD,Edu,2021,219.71494152620883
NLD,Edu,2022,223.29031434973248
NLD,Edu,2023,226.86568717325616
NLD,Edu,2024,230.4410599967798
NLD,Edu,2025,234.01643282030346
NLD,Edu,2026,238.5510652312637
NLD,Edu,2027,243.08569764222395
NLD,Edu,2028,247.62033005318418
NLD,Edu,2029,252.15496246414443
NLD,Edu,2030,256.68959487510466
NLD,Edu,2031,260.4062102855022
NLD,Edu,2032,264.12282569589973
NLD,Edu,2033,267.83944110629733
NLD,Edu,2034,271.55605651669487
NLD,Edu,2035,275.2726719270924
NLD,Edu,2036,278.8162786165944
NLD,Edu,2037,282.3598853060964
NLD,Edu,2038,285.9034919955984
NLD,Edu,2039,289.4470986851004
NLD,Edu,2040,292.9907053746024
NLD,Edu,2041,296.42937369611195
NLD,Edu,2042,299.8680420176215
NLD,Edu,2043,303.3067103391311
NLD,Edu,2044,306.74537866064065
NLD,Edu,2045,310.1840469821502
NLD,Edu,2046,313.4654072955437
NLD,Edu,2047,316.74676760893715
NLD,Edu,2048,320.0281279223306
NLD,Edu,2049,323.3094882357241
NLD,Edu,2050,326.59084854911754
POL,Edu,2020,87.16027809880869
POL,Edu,2021,89.7024796483885
POL,Edu,2022,92.24468119796832
POL,Edu,2023,94.78688274754812
POL,Edu,2024,97.32908429712793
POL,Edu,2025,99.87128584670775
POL,Edu,2026,103.20763055012748
POL,Edu,2027,106.54397525354719
POL,Edu,2028,109.88031995696691
POL,Edu,2029,113.21666466038663
POL,Edu,2030,116.55300936380635
POL,Edu,2031,119.18059415315815
POL,Edu,2032,121.80817894250997
POL,Edu,2033,124.43576373186177
POL,Edu,2034,127.06334852121358
POL,Edu,2035,129.69093331056538
POL,Edu,2036,131.89143497817048
POL,Edu,2037,134.09193664577558
POL,Edu,2038,136.29243831338067
POL,Edu,2039,138.49293998098577
POL,Edu,2040,140.69344164859086
POL,Edu,2041,142.18388694084456
POL,Edu,2042,143.67433223309823
POL,Edu,2043,145.16477752535192
POL,Edu,2044,146.6552228176056
POL,Edu,2045,148.1456681098593
POL,Edu,2046,149.3311904973685
POL,Edu,2047,150.51671288487773
POL,Edu,2048,151.702235272387
POL,Edu,2049,152.8877576598962
POL,Edu,2050,154.07328004740543
PRT,Edu,2020,45.1644547195307
PRT,Edu,2021,46.12518763800331
PRT,Edu,2022,47.085920556475926
PRT,Edu,2023,48.046653474948535
PRT,Edu,2024,49.00738639342115
PRT,Edu,2025,49.96811931189376
PRT,Edu,2026,50.93433993813444
PRT,Edu,2027,51.900560564375134
PRT,Edu,2028,52.86678119061582
PRT,Edu,2029,53.83300181685651
PRT,Edu,2030,54.79922244309719
PRT,Edu,2031,55.739779350476674
PRT,Edu,2032,56.680336257856155
PRT,Edu,2033,57.62089316523564
PRT,Edu,2034,58.56145007261512
PRT,Edu,2035,59.502006979994604
PRT,Edu,2036,60.472315196040796
PRT,Edu,2037,61.44262341208698
PRT,Edu,2038,62.41293162813317
PRT,Edu,2039,63.38323984417936
PRT,Edu,2040,64.35354806022555
PRT,Edu,2041,65.29192786427188
PRT,Edu,2042,66.23030766831823
PRT,Edu,2043,67.16868747236457
PRT,Edu,2044,68.10706727641092
PRT,Edu,2045,69.04544708045725
PRT,Edu,2046,69.96790386765936
PRT,Edu,2047,70.89036065486145
PRT,Edu,2048,71.81281744206356
PRT,Edu,2049,72.73527422926566
PRT,Edu,2050,73.65773101646776
ROU,Edu,2020,29.873134724275523
ROU,Edu,2021,30.746435368861125
ROU,Edu,2022,31.619736013446726
ROU,Edu,2023,32.493036658032324
ROU,Edu,2024,33.36633730261793
ROU,Edu,2025,34.239637947203526
ROU,Edu,2026,35.09789387837047
ROU,Edu,2027,35.95614980953741
ROU,Edu,2028,36.81440574070435
ROU,Edu,2029,37.67266167187129
ROU,Edu,2030,38.53091760303823
ROU,Edu,2031,39.25550220960079
ROU,Edu,2032,39.98008681616335
ROU,Edu,2033,40.70467142272591
ROU,Edu,2034,41.42925602928847
ROU,Edu,2035,42.153840635851026
ROU,Edu,2036,42.70677645577002
ROU,Edu,2037,43.259712275689004
ROU,Edu,2038,43.812648095608
ROU,Edu,2039,44.36558391552698
ROU,Edu,2040,44.918519735445976
ROU,Edu,2041,45.315287515724975
ROU,Edu,2042,45.712055296003975
ROU,Edu,2043,46.108823076282974
ROU,Edu,2044,46.50559085656197
ROU,Edu,2045,46.90235863684097
ROU,Edu,2046,47.19921422160712
ROU,Edu,2047,47.49606980637327
ROU,Edu,2048,47.79292539113942
ROU,Edu,2049,48.08978097590557
ROU,Edu,2050,48.38663656067172
SVK,Edu,2020,13.47703092316241
SVK,Edu,2021,13.717874293688231
SVK,Edu,2022,13.958717664214051
SVK,Edu,2023,14.199561034739872
SVK,Edu,2024,14.440404405265692
SVK,Edu,2025,14.681247775791514
SVK,Edu,2026,15.001837799770774
SVK,Edu,2027,15.322427823750035
SVK,Edu,2028,15.643017847729297
SVK,Edu,2029,15.963607871708557
SVK,Edu,2030,16.284197895687818
SVK,Edu,2031,16.60646636271139
SVK,Edu,2032,16.92873482973496
SVK,Edu,2033,17.251003296758533
SVK,Edu,2034,17.573271763782103
SVK,Edu,2035,17.895540230805675
SVK,Edu,2036,18.210824391769236
SVK,Edu,2037,18.526108552732794
SVK,Edu,2038,18.841392713696354
SVK,Edu,2039,19.15667687465991
SVK,Edu,2040,19.471961035623472
SVK,Edu,2041,19.750754120642345
SVK,Edu,2042,20.02954720566122
SVK,Edu,2043,20.308340290680093
SVK,Edu,2044,20.58713337569897
SVK,Edu,2045,20.86592646071784
SVK,Edu,2046,21.131876213679355
SVK,Edu,2047,21.39782596664087
SVK,Edu,2048,21.663775719602388
SVK,Edu,2049,21.929725472563902
SVK,Edu,2050,22.195675225525417
SVN,Edu,2020,10.06631590836927
SVN,Edu,2021,10.310747659456437
SVN,Edu,2022,10.555179410543603
SVN,Edu,2023,10.799611161630768
SVN,Edu,2024,11.044042912717934
SVN,Edu,2025,11.2884746638051
SVN,Edu,2026,11.5623480186444
SVN,Edu,2027,11.8362213734837
SVN,Edu,2028,12.110094728323
SVN,Edu,2029,12.3839680831623
SVN,Edu,2030,12.657841438001599
SVN,Edu,2031,12.870955877559965
SVN,Edu,2032,13.08407031711833
SVN,Edu,2033,13.297184756676694
SVN,Edu,2034,13.51029919623506
SVN,Edu,2035,13.723413635793426
SVN,Edu,2036,13.892125645444374
SVN,Edu,2037,14.060837655095323
SVN,Edu,2038,14.229549664746271
SVN,Edu,2039,14.39826167439722
SVN,Edu,2040,14.566973684048168
SVN,Edu,2041,14.696205929885986
SVN,Edu,2042,14.825438175723804
SVN,Edu,2043,14.954670421561623
SVN,Edu,2044,15.08390266739944
SVN,Edu,2045,15.213134913237258
SVN,Edu,2046,15.338804513749526
SVN,Edu,2047,15.464474114261794
SVN,Edu,2048,15.59014371477406
SVN,Edu,2049,15.715813315286328
SVN,Edu,2050,15.841482915798595
SWE,Edu,2020,115.4586024365574
SWE,Edu,2021,117.37779313496218
SWE,Edu,2022,119.29698383336697
SWE,Edu,2023,121.21617453177174
SWE,Edu,2024,123.13536523017653
SWE,Edu,2025,125.05455592858131
SWE,Edu,2026,128.36455784133238
SWE,Edu,2027,131.67455975408348
SWE,Edu,2028,134.98456166683454
SWE,Edu,2029,138.2945635795856
SWE,Edu,2030,141.6045654923367
SWE,Edu,2031,144.3909925147942
SWE,Edu,2032,147.1774195372517
SWE,Edu,2033,149.9638465597092
SWE,Edu,2034,152.7502735821667
SWE,Edu,2035,155.5367006046242
SWE,Edu,2036,158.0615706151734
SWE,Edu,2037,160.58644062572256
SWE,Edu,2038,163.11131063627175
SWE,Edu,2039,165.63618064682092
SWE,Edu,2040,168.1610506573701
SWE,Edu,2041,170.58946017863997
SWE,Edu,2042,173.0178696999098
SWE,Edu,2043,175.44627922117965
SWE,Edu,2044,177.87468874244948
SWE,Edu,2045,180.30309826371933
SWE,Edu,2046,182.72048149202047
SWE,Edu,2047,185.1378647203216
SWE,Edu,2048,187.5552479486227
SWE,Edu,2049,189.97263117692384
SWE,Edu,2050,192.39001440522497
AUT,Hea,2020,70.84496224056538
AUT,Hea,2021,71.7617076895879
AUT,Hea,2022,72.6784531386104
AUT,Hea,2023,73.59519858763291
AUT,Hea,2024,74.51194403665541
AUT,Hea,2025,75.42868948567792
AUT,Hea,2026,76.92799939322433
AUT,Hea,2027,78.42730930077073
AUT,Hea,2028,79.92661920831712
AUT,Hea,2029,81.42592911586352
AUT,Hea,2030,82.92523902340993
AUT,Hea,2031,84.08549097750223
AUT,Hea,2032,85.24574293159455
AUT,Hea,2033,86.40599488568685
AUT,Hea,2034,87.56624683977917
AUT,Hea,2035,88.72649879387147
AUT,Hea,2036,89.84496097175912
AUT,Hea,2037,90.96342314964676
AUT,Hea,2038,92.08188532753441
AUT,Hea,2039,93.20034750542204
AUT,Hea,2040,94.3188096833097
AUT,Hea,2041,95.44207486545633
AUT,Hea,2042,96.56534004760299
AUT,Hea,2043,97.68860522974963
AUT,Hea,2044,98.81187041189628
AUT,Hea,2045,99.93513559404292
AUT,Hea,2046,101.01408669564086
AUT,Hea,2047,102.0930377972388
AUT,Hea,2048,103.17198889883672
AUT,Hea,2049,104.25094000043465
AUT,Hea,2050,105.32989110203259
BEL,Hea,2020,120.07733094134942
BEL,Hea,2021,121.84780725476347
BEL,Hea,2022,123.61828356817753
BEL,Hea,2023,125.38875988159158
BEL,Hea,2024,127.15923619500565
BEL,Hea,2025,128.9297125084197
BEL,Hea,2026,131.0752207811673
BEL,Hea,2027,133.2207290539149
BEL,Hea,2028,135.36623732666254
BEL,Hea,2029,137.51174559941015
BEL,Hea,2030,139.65725387215775
BEL,Hea,2031,141.6306628725739
BEL,Hea,2032,143.6040718729901
BEL,Hea,2033,145.57748087340624
BEL,Hea,2034,147.55088987382243
BEL,Hea,2035,149.52429887423858
BEL,Hea,2036,151.36383863792528
BEL,Hea,2037,153.203378401612
BEL,Hea,2038,155.04291816529872
BEL,Hea,2039,156.88245792898545
BEL,Hea,2040,158.72199769267215
BEL,Hea,2041,160.48314430099063
BEL,Hea,2042,162.2442909093091
BEL,Hea,2043,164.00543751762757
BEL,Hea,2044,165.76658412594603
BEL,Hea,2045,167.5277307342645
BEL,Hea,2046,169.28048178736356
BEL,Hea,2047,171.03323284046257
BEL,Hea,2048,172.78598389356162
BEL,Hea,2049,174.53873494666064
BEL,Hea,2050,176.2914859997597
BGR,Hea,2020,9.247887008848888
BGR,Hea,2021,9.472372521192833
BGR,Hea,2022,9.696858033536778
BGR,Hea,2023,9.921343545880724
BGR,Hea,2024,10.145829058224669
BGR,Hea,2025,10.370314570568613
BGR,Hea,2026,10.660959884382587
BGR,Hea,2027,10.95160519819656
BGR,Hea,2028,11.242250512010536
BGR,Hea,2029,11.53289582582451
BGR,Hea,2030,11.823541139638483
BGR,Hea,2031,12.080783601273964
BGR,Hea,2032,12.338026062909444
BGR,Hea,2033,12.595268524544926
BGR,Hea,2034,12.852510986180405
BGR,Hea,2035,13.109753447815887
BGR,Hea,2036,13.32797100439657
BGR,Hea,2037,13.546188560977253
BGR,Hea,2038,13.764406117557938
BGR,Hea,2039,13.98262367413862
BGR,Hea,2040,14.200841230719304
BGR,Hea,2041,14.39340298049228
BGR,Hea,2042,14.585964730265255
BGR,Hea,2043,14.778526480038229
BGR,Hea,2044,14.971088229811205
BGR,Hea,2045,15.16364997958418
BGR,Hea,2046,15.344092394183518
BGR,Hea,2047,15.524534808782855
BGR,Hea,2048,15.70497722338219
BGR,Hea,2049,15.885419637981528
BGR,Hea,2050,16.065862052580865
CYP,Hea,2020,4.0333606369376485
CYP,Hea,2021,4.147663755424817
CYP,Hea,2022,4.261966873911985
CYP,Hea,2023,4.376269992399153
CYP,Hea,2024,4.490573110886321
CYP,Hea,2025,4.604876229373489
CYP,Hea,2026,4.7308654135196715
CYP,Hea,2027,4.856854597665854
CYP,Hea,2028,4.982843781812036
CYP,Hea,2029,5.108832965958219
CYP,Hea,2030,5.234822150104401
CYP,Hea,2031,5.366160014102725
CYP,Hea,2032,5.497497878101048
CYP,Hea,2033,5.628835742099372
CYP,Hea,2034,5.760173606097695
CYP,Hea,2035,5.8915114700960185
CYP,Hea,2036,6.0243936236817905
CYP,Hea,2037,6.1572757772675635
CYP,Hea,2038,6.2901579308533355
CYP,Hea,2039,6.4230400844391085
CYP,Hea,2040,6.5559222380248805
CYP,Hea,2041,6.692190351423984
CYP,Hea,2042,6.828458464823088
CYP,Hea,2043,6.964726578222192
CYP,Hea,2044,7.100994691621295
CYP,Hea,2045,7.237262805020399
CYP,Hea,2046,7.377545910601108
CYP,Hea,2047,7.517829016181817
CYP,Hea,2048,7.658112121762525
CYP,Hea,2049,7.798395227343234
CYP,Hea,2050,7.938678332923943
CZE,Hea,2020,35.014240834541866
CZE,Hea,2021,35.55636477388302
CZE,Hea,2022,36.09848871322417
CZE,Hea,2023,36.640612652565316
CZE,Hea,2024,37.18273659190647
CZE,Hea,2025,37.72486053124762
CZE,Hea,2026,38.37428162617872
CZE,Hea,2027,39.02370272110983
CZE,Hea,2028,39.67312381604093
CZE,Hea,2029,40.322544910972034
CZE,Hea,2030,40.971966005903134
CZE,Hea,2031,41.58918779019972
CZE,Hea,2032,42.20640957449631
CZE,Hea,2033,42.823631358792895
CZE,Hea,2034,43.440853143089484
CZE,Hea,2035,44.05807492738607
CZE,Hea,2036,44.66262405596015
CZE,Hea,2037,45.267173184534236
CZE,Hea,2038,45.871722313108314
CZE,Hea,2039,46.4762714416824
CZE,Hea,2040,47.08082057025648
CZE,Hea,2041,47.663472962970395
CZE,Hea,2042,48.24612535568432
CZE,Hea,2043,48.82877774839824
CZE,Hea,2044,49.41143014111216
CZE,Hea,2045,49.99408253382608
CZE,Hea,2046,50.555985143809814
CZE,Hea,2047,51.11788775379354
CZE,Hea,2048,51.67979036377727
CZE,Hea,2049,52.241692973761
CZE,Hea,2050,52.80359558374473
DEU,Hea,2020,746.5197113814971
DEU,Hea,2021,754.1085533584405
DEU,Hea,2022,761.6973953353839
DEU,Hea,2023,769.2862373123273
DEU,Hea,2024,776.8750792892707
DEU,Hea,2025,784.4639212662141
DEU,Hea,2026,793.076266353412
DEU,Hea,2027,801.68861144061
DEU,Hea,2028,810.3009565278078
DEU,Hea,2029,818.9133016150057
DEU,Hea,2030,827.5256467022036
DEU,Hea,2031,836.5200825937565
DEU,Hea,2032,845.5145184853093
DEU,Hea,2033,854.5089543768621
DEU,Hea,2034,863.5033902684149
DEU,Hea,2035,872.4978261599678
DEU,Hea,2036,882.7511033519057
DEU,Hea,2037,893.0043805438437
DEU,Hea,2038,903.2576577357817
DEU,Hea,2039,913.5109349277196
DEU,Hea,2040,923.7642121196576
DEU,Hea,2041,934.5327922195964
DEU,Hea,2042,945.3013723195353
DEU,Hea,2043,956.0699524194742
DEU,Hea,2044,966.8385325194131
DEU,Hea,2045,977.6071126193519
DEU,Hea,2046,987.9786213807973
DEU,Hea,2047,998.3501301422427
DEU,Hea,2048,1008.721638903688
DEU,Hea,2049,1019.0931476651334
DEU,Hea,2050,1029.4646564265788
DNK,Hea,2020,94.77352230270155
DNK,Hea,2021,96.55119330736659
DNK,Hea,2022,98.32886431203164
DNK,Hea,2023,100.10653531669668
DNK,Hea,2024,101.88420632136173
DNK,Hea,2025,103.66187732602677
DNK,Hea,2026,105.08562411318157
DNK,Hea,2027,106.50937090033636
DNK,Hea,2028,107.93311768749118
DNK,Hea,2029,109.35686447464597
DNK,Hea,2030,110.78061126180077
DNK,Hea,2031,112.17872361357716
DNK,Hea,2032,113.57683596535355
DNK,Hea,2033,114.97494831712993
DNK,Hea,2034,116.37306066890632
DNK,Hea,2035,117.77117302068271
DNK,Hea,2036,119.19917489447747
DNK,Hea,2037,120.62717676827222
DNK,Hea,2038,122.05517864206696
DNK,Hea,2039,123.48318051586172
DNK,Hea,2040,124.91118238965647
DNK,Hea,2041,126.44961559385719
DNK,Hea,2042,127.9880487980579
DNK,Hea,2043,129.52648200225863
DNK,Hea,2044,131.06491520645935
DNK,Hea,2045,132.60334841066006
DNK,Hea,2046,134.2175186211598
DNK,Hea,2047,135.83168883165956
DNK,Hea,2048,137.4458590421593
DNK,Hea,2049,139.06002925265906
DNK,Hea,2050,140.6741994631588
ESP,Hea,2020,245.4076118531956
ESP,Hea,2021,250.0495861808754
ESP,Hea,2022,254.69156050855517
ESP,Hea,2023,259.33353483623495
ESP,Hea,2024,263.97550916391475
ESP,Hea,2025,268.61748349159456
ESP,Hea,2026,272.42487279942526
ESP,Hea,2027,276.232262107256
ESP,Hea,2028,280.0396514150867
ESP,Hea,2029,283.8470407229175
ESP,Hea,2030,287.6544300307482
ESP,Hea,2031,292.6628404706816
ESP,Hea,2032,297.671250910615
ESP,Hea,2033,302.6796613505485
ESP,Hea,2034,307.6880717904819
ESP,Hea,2035,312.6964822304153
ESP,Hea,2036,318.3380410615622
ESP,Hea,2037,323.979599892709
ESP,Hea,2038,329.6211587238559
ESP,Hea,2039,335.2627175550027
ESP,Hea,2040,340.9042763861496
ESP,Hea,2041,346.856461287443
ESP,Hea,2042,352.80864618873636
ESP,Hea,2043,358.7608310900298
ESP,Hea,2044,364.7130159913232
ESP,Hea,2045,370.66520089261655
ESP,Hea,2046,376.78124921000057
ESP,Hea,2047,382.8972975273846
ESP,Hea,2048,389.0133458447686
ESP,Hea,2049,395.1293941621526
ESP,Hea,2050,401.2454424795366
EST,Hea,2020,5.523808142480652
EST,Hea,2021,5.613549581690389
EST,Hea,2022,5.703291020900125
EST,Hea,2023,5.793032460109862
EST,Hea,2024,5.882773899319599
EST,Hea,2025,5.972515338529336
EST,Hea,2026,6.174227587039659
EST,Hea,2027,6.375939835549982
EST,Hea,2028,6.577652084060305
EST,Hea,2029,6.779364332570628
EST,Hea,2030,6.981076581080951
EST,Hea,2031,7.1130361614486945
EST,Hea,2032,7.244995741816437
EST,Hea,2033,7.37695532218418
EST,Hea,2034,7.508914902551923
EST,Hea,2035,7.640874482919666
EST,Hea,2036,7.737920240736074
EST,Hea,2037,7.834965998552482
EST,Hea,2038,7.932011756368889
EST,Hea,2039,8.029057514185297
EST,Hea,2040,8.126103272001705
EST,Hea,2041,8.193010121709776
EST,Hea,2042,8.259916971417848
EST,Hea,2043,8.326823821125918
EST,Hea,2044,8.39373067083399
EST,Hea,2045,8.460637520542061
EST,Hea,2046,8.512036729283443
EST,Hea,2047,8.563435938024824
EST,Hea,2048,8.614835146766204
EST,Hea,2049,8.666234355507585
EST,Hea,2050,8.717633564248967
FIN,Hea,2020,58.962455334453466
FIN,Hea,2021,59.65057963180239
FIN,Hea,2022,60.338703929151315
FIN,Hea,2023,61.026828226500236
FIN,Hea,2024,61.71495252384916
FIN,Hea,2025,62.403076821198084
FIN,Hea,2026,63.302255002257866
FIN,Hea,2027,64.20143318331765
FIN,Hea,2028,65.10061136437741
FIN,Hea,2029,65.9997895454372
FIN,Hea,2030,66.89896772649698
FIN,Hea,2031,67.660652750906
FIN,Hea,2032,68.42233777531501
FIN,Hea,2033,69.18402279972405
FIN,Hea,2034,69.94570782413307
FIN,Hea,2035,70.70739284854209
FIN,Hea,2036,71.48462653229407
FIN,Hea,2037,72.26186021604606
FIN,Hea,2038,73.03909389979806
FIN,Hea,2039,73.81632758355005
FIN,Hea,2040,74.59356126730204
FIN,Hea,2041,75.3841978938171
FIN,Hea,2042,76.17483452033215
FIN,Hea,2043,76.96547114684722
FIN,Hea,2044,77.75610777336227
FIN,Hea,2045,78.54674439987734
FIN,Hea,2046,79.36188485813987
FIN,Hea,2047,80.1770253164024
FIN,Hea,2048,80.99216577466495
FIN,Hea,2049,81.80730623292749
FIN,Hea,2050,82.62244669119002
FRA,Hea,2020,515.5697422437028
FRA,Hea,2021,521.9180401847918
FRA,Hea,2022,528.2663381258809
FRA,Hea,2023,534.6146360669699
FRA,Hea,2024,540.9629340080589
FRA,Hea,2025,547.311231949148
FRA,Hea,2026,556.2866734507498
FRA,Hea,2027,565.2621149523516
FRA,Hea,2028,574.2375564539534
FRA,Hea,2029,583.2129979555551
FRA,Hea,2030,592.188439457157
FRA,Hea,2031,600.1242206117597
FRA,Hea,2032,608.0600017663625
FRA,Hea,2033,615.9957829209651
FRA,Hea,2034,623.9315640755678
FRA,Hea,2035,631.8673452301706
FRA,Hea,2036,639.9381421580194
FRA,Hea,2037,648.0089390858683
FRA,Hea,2038,656.079736013717
FRA,Hea,2039,664.1505329415659
FRA,Hea,2040,672.2213298694147
FRA,Hea,2041,680.4424325194271
FRA,Hea,2042,688.6635351694397
FRA,Hea,2043,696.8846378194521
FRA,Hea,2044,705.1057404694646
FRA,Hea,2045,713.3268431194771
FRA,Hea,2046,721.8350636662939
FRA,Hea,2047,730.3432842131106
FRA,Hea,2048,738.8515047599274
FRA,Hea,2049,747.359725306744
FRA,Hea,2050,755.8679458535609
GBR,Hea,2020,1.0
GBR,Hea,2021,1.0
GBR,Hea,2022,1.0
GBR,Hea,2023,1.0
GBR,Hea,2024,1.0
GBR,Hea,2025,1.0
GBR,Hea,2026,1.0
GBR,Hea,2027,1.0
GBR,Hea,2028,1.0
GBR,Hea,2029,1.0
GBR,Hea,2030,1.0
GBR,Hea,2031,1.0
GBR,Hea,2032,1.0
GBR,Hea,2033,1.0
GBR,Hea,2034,1.0
GBR,Hea,2035,1.0
GBR,Hea,2036,1.0
GBR,Hea,2037,1.0
GBR,Hea,2038,1.0
GBR,Hea,2039,1.0
GBR,Hea,2040,1.0
GBR,Hea,2041,1.0
GBR,Hea,2042,1.0
GBR,Hea,2043,1.0
GBR,Hea,2044,1.0
GBR,Hea,2045,1.0
GBR,Hea,2046,1.0
GBR,Hea,2047,1.0
GBR,Hea,2048,1.0
GBR,Hea,2049,1.0
GBR,Hea,2050,1.0
GRC,Hea,2020,39.82720924593007
GRC,Hea,2021,40.63858278252373
GRC,Hea,2022,41.44995631911738
GRC,Hea,2023,42.26132985571103
GRC,Hea,2024,43.07270339230469
GRC,Hea,2025,43.884076928898345
GRC,Hea,2026,44.76793235497711
GRC,Hea,2027,45.65178778105588
GRC,Hea,2028,46.53564320713464
GRC,Hea,2029,47.41949863321341
GRC,Hea,2030,48.303354059292175
GRC,Hea,2031,49.01503704115747
GRC,Hea,2032,49.726720023022764
GRC,Hea,2033,50.43840300488806
GRC,Hea,2034,51.15008598675335
GRC,Hea,2035,51.86176896861865
GRC,Hea,2036,52.648330889793776
GRC,Hea,2037,53.43489281096891
GRC,Hea,2038,54.22145473214404
GRC,Hea,2039,55.008016653319174
GRC,Hea,2040,55.7945785744943
GRC,Hea,2041,56.57175857761273
GRC,Hea,2042,57.34893858073115
GRC,Hea,2043,58.12611858384958
GRC,Hea,2044,58.903298586968006
GRC,Hea,2045,59.68047859008643
GRC,Hea,2046,60.431034981684945
GRC,Hea,2047,61.18159137328347
GRC,Hea,2048,61.93214776488198
GRC,Hea,2049,62.682704156480504
GRC,Hea,2050,63.43326054807902
HRV,Hea,2020,12.19080496629242
HRV,Hea,2021,12.56709276725821
HRV,Hea,2022,12.943380568223999
HRV,Hea,2023,13.319668369189788
HRV,Hea,2024,13.69595617015558
HRV,Hea,2025,14.072243971121368
HRV,Hea,2026,14.430963054702287
HRV,Hea,2027,14.789682138283206
HRV,Hea,2028,15.148401221864125
HRV,Hea,2029,15.507120305445044
HRV,Hea,2030,15.865839389025963
HRV,Hea,2031,16.114730058302005
HRV,Hea,2032,16.36362072757805
HRV,Hea,2033,16.612511396854092
HRV,Hea,2034,16.861402066130136
HRV,Hea,2035,17.11029273540618
HRV,Hea,2036,17.271747102395707
HRV,Hea,2037,17.433201469385235
HRV,Hea,2038,17.594655836374763
HRV,Hea,2039,17.75611020336429
HRV,Hea,2040,17.917564570353818
HRV,Hea,2041,18.02454739121822
HRV,Hea,2042,18.131530212082623
HRV,Hea,2043,18.238513032947026
HRV,Hea,2044,18.34549585381143
HRV,Hea,2045,18.45247867467583
HRV,Hea,2046,18.526043138864726
HRV,Hea,2047,18.59960760305362
HRV,Hea,2048,18.67317206724252
HRV,Hea,2049,18.746736531431413
HRV,Hea,2050,18.820300995620308
HUN,Hea,2020,31.978016880467944
HUN,Hea,2021,32.755283027610204
HUN,Hea,2022,33.53254917475246
HUN,Hea,2023,34.30981532189472
HUN,Hea,2024,35.087081469036974
HUN,Hea,2025,35.86434761617923
HUN,Hea,2026,36.821724492654695
HUN,Hea,2027,37.77910136913015
HUN,Hea,2028,38.73647824560562
HUN,Hea,2029,39.693855122081075
HUN,Hea,2030,40.65123199855654
HUN,Hea,2031,41.454575423692724
HUN,Hea,2032,42.25791884882891
HUN,Hea,2033,43.06126227396509
HUN,Hea,2034,43.864605699101276
HUN,Hea,2035,44.66794912423746
HUN,Hea,2036,45.3232996327219
HUN,Hea,2037,45.97865014120633
HUN,Hea,2038,46.63400064969077
HUN,Hea,2039,47.2893511581752
HUN,Hea,2040,47.94470166665964
HUN,Hea,2041,48.48416672108648
HUN,Hea,2042,49.02363177551332
HUN,Hea,2043,49.56309682994016
HUN,Hea,2044,50.102561884367
HUN,Hea,2045,50.64202693879384
HUN,Hea,2046,51.11332717184522
HUN,Hea,2047,51.584627404896594
HUN,Hea,2048,52.055927637947974
HUN,Hea,2049,52.52722787099935
HUN,Hea,2050,52.99852810405073
IRL,Hea,2020,65.29270708125088
IRL,Hea,2021,68.59368376922745
IRL,Hea,2022,71.89466045720404
IRL,Hea,2023,75.19563714518061
IRL,Hea,2024,78.4966138331572
IRL,Hea,2025,81.79759052113377
IRL,Hea,2026,84.38348285868406
IRL,Hea,2027,86.96937519623435
IRL,Hea,2028,89.55526753378466
IRL,Hea,2029,92.14115987133495
IRL,Hea,2030,94.72705220888524
IRL,Hea,2031,96.93437610425417
IRL,Hea,2032,99.1416999996231
IRL,Hea,2033,101.34902389499202
IRL,Hea,2034,103.55634779036095
IRL,Hea,2035,105.76367168572988
IRL,Hea,2036,108.22610106436433
IRL,Hea,2037,110.68853044299877
IRL,Hea,2038,113.15095982163322
IRL,Hea,2039,115.61338920026766
IRL,Hea,2040,118.07581857890212
IRL,Hea,2041,120.84912769887613
IRL,Hea,2042,123.62243681885015
IRL,Hea,2043,126.39574593882415
IRL,Hea,2044,129.16905505879816
IRL,Hea,2045,131.94236417877218
IRL,Hea,2046,135.00307150248304
IRL,Hea,2047,138.0637788261939
IRL,Hea,2048,141.12448614990475
IRL,Hea,2049,144.1851934736156
IRL,Hea,2050,147.24590079732647
ITA,Hea,2020,343.30912205079534
ITA,Hea,2021,347.6336667038895
ITA,Hea,2022,351.9582113569836
ITA,Hea,2023,356.2827560100778
ITA,Hea,2024,360.6073006631719
ITA,Hea,2025,364.93184531626605
ITA,Hea,2026,368.57466042118693
ITA,Hea,2027,372.2174755261078
ITA,Hea,2028,375.86029063102876
ITA,Hea,2029,379.50310573594965
ITA,Hea,2030,383.14592084087053
ITA,Hea,2031,387.73870355125814
ITA,Hea,2032,392.33148626164575
ITA,Hea,2033,396.9242689720333
ITA,Hea,2034,401.5170516824209
ITA,Hea,2035,406.1098343928085
ITA,Hea,2036,410.7984132594262
ITA,Hea,2037,415.48699212604384
ITA,Hea,2038,420.1755709926615
ITA,Hea,2039,424.86414985927917
ITA,Hea,2040,429.5527287258968
ITA,Hea,2041,434.3128165066983
ITA,Hea,2042,439.0729042874998
ITA,Hea,2043,443.8329920683012
ITA,Hea,2044,448.5930798491027
ITA,Hea,2045,453.3531676299042
ITA,Hea,2046,457.97986725589124
ITA,Hea,2047,462.6065668818783
ITA,Hea,2048,467.23326650786527
ITA,Hea,2049,471.8599661338523
ITA,Hea,2050,476.48666575983935
LTU,Hea,2020,7.527827952284661
LTU,Hea,2021,7.694185246218998
LTU,Hea,2022,7.860542540153336
LTU,Hea,2023,8.026899834087674
LTU,Hea,2024,8.19325712802201
LTU,Hea,2025,8.359614421956348
LTU,Hea,2026,8.583068976525706
LTU,Hea,2027,8.806523531095065
LTU,Hea,2028,9.029978085664423
LTU,Hea,2029,9.253432640233783
LTU,Hea,2030,9.47688719480314
LTU,Hea,2031,9.58979692426305
LTU,Hea,2032,9.70270665372296
LTU,Hea,2033,9.815616383182869
LTU,Hea,2034,9.928526112642778
LTU,Hea,2035,10.041435842102688
LTU,Hea,2036,10.10592124649465
LTU,Hea,2037,10.170406650886612
LTU,Hea,2038,10.234892055278575
LTU,Hea,2039,10.299377459670536
LTU,Hea,2040,10.363862864062499
LTU,Hea,2041,10.400468867242207
LTU,Hea,2042,10.437074870421917
LTU,Hea,2043,10.473680873601625
LTU,Hea,2044,10.510286876781334
LTU,Hea,2045,10.546892879961042
LTU,Hea,2046,10.555360412978837
LTU,Hea,2047,10.563827945996632
LTU,Hea,2048,10.572295479014429
LTU,Hea,2049,10.580763012032223
LTU,Hea,2050,10.589230545050018
LUX,Hea,2020,17.524701618305286
LUX,Hea,2021,17.89963196148919
LUX,Hea,2022,18.274562304673097
LUX,Hea,2023,18.649492647857002
LUX,Hea,2024,19.024422991040908
LUX,Hea,2025,19.399353334224813
LUX,Hea,2026,19.99895423940151
LUX,Hea,2027,20.59855514457821
LUX,Hea,2028,21.198156049754907
LUX,Hea,2029,21.797756954931607
LUX,Hea,2030,22.397357860108304
LUX,Hea,2031,22.828694399972235
LUX,Hea,2032,23.260030939836167
LUX,Hea,2033,23.691367479700098
LUX,Hea,2034,24.12270401956403
LUX,Hea,2035,24.55404055942796
LUX,Hea,2036,24.904576077964933
LUX,Hea,2037,25.255111596501905
LUX,Hea,2038,25.60564711503888
LUX,Hea,2039,25.956182633575853
LUX,Hea,2040,26.306718152112825
LUX,Hea,2041,26.584248973924
LUX,Hea,2042,26.861779795735174
LUX,Hea,2043,27.13931061754635
LUX,Hea,2044,27.416841439357523
LUX,Hea,2045,27.6943722611687
LUX,Hea,2046,27.946259964709522
LUX,Hea,2047,28.198147668250346
LUX,Hea,2048,28.45003537179117
LUX,Hea,2049,28.701923075331994
LUX,Hea,2050,28.953810778872818
LVA,Hea,2020,5.939009639919248
LVA,Hea,2021,6.052869710500113
LVA,Hea,2022,6.16672978108098
LVA,Hea,2023,6.280589851661845
LVA,Hea,2024,6.394449922242711
LVA,Hea,2025,6.508309992823577
LVA,Hea,2026,6.632373335929221
LVA,Hea,2027,6.756436679034864
LVA,Hea,2028,6.880500022140508
LVA,Hea,2029,7.004563365246151
LVA,Hea,2030,7.128626708351795
LVA,Hea,2031,7.224390710791454
LVA,Hea,2032,7.320154713231114
LVA,Hea,2033,7.415918715670773
LVA,Hea,2034,7.511682718110433
LVA,Hea,2035,7.607446720550092
LVA,Hea,2036,7.68081093208505
LVA,Hea,2037,7.754175143620008
LVA,Hea,2038,7.8275393551549675
LVA,Hea,2039,7.900903566689926
LVA,Hea,2040,7.974267778224884
LVA,Hea,2041,8.026498930606191
LVA,Hea,2042,8.078730082987498
LVA,Hea,2043,8.130961235368805
LVA,Hea,2044,8.183192387750113
LVA,Hea,2045,8.23542354013142
LVA,Hea,2046,8.286208817378805
LVA,Hea,2047,8.33699409462619
LVA,Hea,2048,8.387779371873577
LVA,Hea,2049,8.438564649120963
LVA,Hea,2050,8.489349926368348
MLT,Hea,2020,4.501437028033869
MLT,Hea,2021,4.682459811289551
MLT,Hea,2022,4.863482594545234
MLT,Hea,2023,5.044505377800916
MLT,Hea,2024,5.225528161056599
MLT,Hea,2025,5.406550944312281
MLT,Hea,2026,5.608147414120393
MLT,Hea,2027,5.809743883928505
MLT,Hea,2028,6.0113403537366175
MLT,Hea,2029,6.212936823544729
MLT,Hea,2030,6.414533293352841
MLT,Hea,2031,6.606523418839308
MLT,Hea,2032,6.798513544325775
MLT,Hea,2033,6.990503669812243
MLT,Hea,2034,7.1824937952987105
MLT,Hea,2035,7.374483920785178
MLT,Hea,2036,7.532047607279468
MLT,Hea,2037,7.6896112937737575
MLT,Hea,2038,7.847174980268048
MLT,Hea,2039,8.004738666762337
MLT,Hea,2040,8.162302353256628
MLT,Hea,2041,8.297279227074187
MLT,Hea,2042,8.432256100891745
MLT,Hea,2043,8.567232974709304
MLT,Hea,2044,8.702209848526863
MLT,Hea,2045,8.837186722344422
MLT,Hea,2046,8.957342100070303
MLT,Hea,2047,9.077497477796184
MLT,Hea,2048,9.197652855522067
MLT,Hea,2049,9.317808233247948
MLT,Hea,2050,9.43796361097383
NLD,Hea,2020,216.13956870268518
NLD,Hea,2021,219.71494152620883
NLD,Hea,2022,223.29031434973248
NLD,Hea,2023,226.86568717325616
NLD,Hea,2024,230.4410599967798
NLD,Hea,2025,234.01643282030346
NLD,Hea,2026,238.5510652312637
NLD,Hea,2027,243.08569764222395
NLD,Hea,2028,247.62033005318418
NLD,Hea,2029,252.15496246414443
NLD,Hea,2030,256.68959487510466
NLD,Hea,2031,260.4062102855022
NLD,Hea,2032,264.12282569589973
NLD,Hea,2033,267.83944110629733
NLD,Hea,2034,271.55605651669487
NLD,Hea,2035,275.2726719270924
NLD,Hea,2036,278.8162786165944
NLD,Hea,2037,282.3598853060964
NLD,Hea,2038,285.9034919955984
NLD,Hea,2039,289.4470986851004
NLD,Hea,2040,292.9907053746024
NLD,Hea,2041,296.42937369611195
NLD,Hea,2042,299.8680420176215
NLD,Hea,2043,303.3067103391311
NLD,Hea,2044,306.74537866064065
NLD,Hea,2045,310.1840469821502
NLD,Hea,2046,313.4654072955437
NLD,Hea,2047,316.74676760893715
NLD,Hea,2048,320.0281279223306
NLD,Hea,2049,323.3094882357241
NLD,Hea,2050,326.59084854911754
POL,Hea,2020,87.16027809880869
POL,Hea,2021,89.7024796483885
POL,Hea,2022,92.24468119796832
POL,Hea,2023,94.78688274754812
POL,Hea,2024,97.32908429712793
POL,Hea,2025,99.87128584670775
POL,Hea,2026,103.20763055012748
POL,Hea,2027,106.54397525354719
POL,Hea,2028,109.88031995696691
POL,Hea,2029,113.21666466038663
POL,Hea,2030,116.55300936380635
POL,Hea,2031,119.18059415315815
POL,Hea,2032,121.80817894250997
POL,Hea,2033,124.43576373186177
POL,Hea,2034,127.06334852121358
POL,Hea,2035,129.69093331056538
POL,Hea,2036,131.89143497817048
POL,Hea,2037,134.09193664577558
POL,Hea,2038,136.29243831338067
POL,Hea,2039,138.49293998098577
POL,Hea,2040,140.69344164859086
POL,Hea,2041,142.18388694084456
POL,Hea,2042,143.67433223309823
POL,Hea,2043,145.16477752535192
POL,Hea,2044,146.6552228176056
POL,Hea,2045,148.1456681098593
POL,Hea,2046,149.3311904973685
POL,Hea,2047,150.51671288487773
POL,Hea,2048,151.702235272387
POL,Hea,2049,152.8877576598962
POL,Hea,2050,154.07328004740543
PRT,Hea,2020,45.1644547195307
PRT,Hea,2021,46.12518763800331
PRT,Hea,2022,47.085920556475926
PRT,Hea,2023,48.046653474948535
PRT,Hea,2024,49.00738639342115
PRT,Hea,2025,49.96811931189376
PRT,Hea,2026,50.93433993813444
PRT,Hea,2027,51.900560564375134
PRT,Hea,2028,52.86678119061582
PRT,Hea,2029,53.83300181685651
PRT,Hea,2030,54.79922244309719
PRT,Hea,2031,55.739779350476674
PRT,Hea,2032,56.680336257856155
PRT,Hea,2033,57.62089316523564
PRT,Hea,2034,58.56145007261512
PRT,Hea,2035,59.502006979994604
PRT,Hea,2036,60.472315196040796
PRT,Hea,2037,61.44262341208698
PRT,Hea,2038,62.41293162813317
PRT,Hea,2039,63.38323984417936
PRT,Hea,2040,64.35354806022555
PRT,Hea,2041,65.29192786427188
PRT,Hea,2042,66.23030766831823
PRT,Hea,2043,67.16868747236457
PRT,Hea,2044,68.10706727641092
PRT,Hea,2045,69.04544708045725
PRT,Hea,2046,69.96790386765936
PRT,Hea,2047,70.89036065486145
PRT,Hea,2048,71.81281744206356
PRT,Hea,2049,72.73527422926566
PRT,Hea,2050,73.65773101646776
ROU,Hea,2020,29.873134724275523
ROU,Hea,2021,30.746435368861125
ROU,Hea,2022,31.619736013446726
ROU,Hea,2023,32.493036658032324
ROU,Hea,2024,33.36633730261793
ROU,Hea,2025,34.239637947203526
ROU,Hea,2026,35.09789387837047
ROU,Hea,2027,35.95614980953741
ROU,Hea,2028,36.81440574070435
ROU,Hea,2029,37.67266167187129
ROU,Hea,2030,38.53091760303823
ROU,Hea,2031,39.25550220960079
ROU,Hea,2032,39.98008681616335
ROU,Hea,2033,40.70467142272591
ROU,Hea,2034,41.42925602928847
ROU,Hea,2035,42.153840635851026
ROU,Hea,2036,42.70677645577002
ROU,Hea,2037,43.259712275689004
ROU,Hea,2038,43.812648095608
ROU,Hea,2039,44.36558391552698
ROU,Hea,2040,44.918519735445976
ROU,Hea,2041,45.315287515724975
ROU,Hea,2042,45.712055296003975
ROU,Hea,2043,46.108823076282974
ROU,Hea,2044,46.50559085656197
ROU,Hea,2045,46.90235863684097
ROU,Hea,2046,47.19921422160712
ROU,Hea,2047,47.49606980637327
ROU,Hea,2048,47.79292539113942
ROU,Hea,2049,48.08978097590557
ROU,Hea,2050,48.38663656067172
SVK,Hea,2020,13.47703092316241
SVK,Hea,2021,13.717874293688231
SVK,Hea,2022,13.958717664214051
SVK,Hea,2023,14.199561034739872
SVK,Hea,2024,14.440404405265692
SVK,Hea,2025,14.681247775791514
SVK,Hea,2026,15.001837799770774
SVK,Hea,2027,15.322427823750035
SVK,Hea,2028,15.643017847729297
SVK,Hea,2029,15.963607871708557
SVK,Hea,2030,16.284197895687818
SVK,Hea,2031,16.60646636271139
SVK,Hea,2032,16.92873482973496
SVK,Hea,2033,17.251003296758533
SVK,Hea,2034,17.573271763782103
SVK,Hea,2035,17.895540230805675
SVK,Hea,2036,18.210824391769236
SVK,Hea,2037,18.526108552732794
SVK,Hea,2038,18.841392713696354
SVK,Hea,2039,19.15667687465991
SVK,Hea,2040,19.471961035623472
SVK,Hea,2041,19.750754120642345
SVK,Hea,2042,20.02954720566122
SVK,Hea,2043,20.308340290680093
SVK,Hea,2044,20.58713337569897
SVK,Hea,2045,20.86592646071784
SVK,Hea,2046,21.131876213679355
SVK,Hea,2047,21.39782596664087
SVK,Hea,2048,21.663775719602388
SVK,Hea,2049,21.929725472563902
SVK,Hea,2050,22.195675225525417
SVN,Hea,2020,10.06631590836927
SVN,Hea,2021,10.310747659456437
SVN,Hea,2022,10.555179410543603
SVN,Hea,2023,10.799611161630768
SVN,Hea,2024,11.044042912717934
SVN,Hea,2025,11.2884746638051
SVN,Hea,2026,11.5623480186444
SVN,Hea,2027,11.8362213734837
SVN,Hea,2028,12.110094728323
SVN,Hea,2029,12.3839680831623
SVN,Hea,2030,12.657841438001599
SVN,Hea,2031,12.870955877559965
SVN,Hea,2032,13.08407031711833
SVN,Hea,2033,13.297184756676694
SVN,Hea,2034,13.51029919623506
SVN,Hea,2035,13.723413635793426
SVN,Hea,2036,13.892125645444374
SVN,Hea,2037,14.060837655095323
SVN,Hea,2038,14.229549664746271
SVN,Hea,2039,14.39826167439722
SVN,Hea,2040,14.566973684048168
SVN,Hea,2041,14.696205929885986
SVN,Hea,2042,14.825438175723804
SVN,Hea,2043,14.954670421561623
SVN,Hea,2044,15.08390266739944
SVN,Hea,2045,15.213134913237258
SVN,Hea,2046,15.338804513749526
SVN,Hea,2047,15.464474114261794
SVN,Hea,2048,15.59014371477406
SVN,Hea,2049,15.715813315286328
SVN,Hea,2050,15.841482915798595
SWE,Hea,2020,115.4586024365574
SWE,Hea,2021,117.37779313496218
SWE,Hea,2022,119.29698383336697
SWE,Hea,2023,121.21617453177174
SWE,Hea,2024,123.13536523017653
SWE,Hea,2025,125.05455592858131
SWE,Hea,2026,128.36455784133238
SWE,Hea,2027,131.67455975408348
SWE,Hea,2028,134.98456166683454
SWE,Hea,2029,138.2945635795856
SWE,Hea,2030,141.6045654923367
SWE,Hea,2031,144.3909925147942
SWE,Hea,2032,147.1774195372517
SWE,Hea,2033,149.9638465597092
SWE,Hea,2034,152.7502735821667
SWE,Hea,2035,155.5367006046242
SWE,Hea,2036,158.0615706151734
SWE,Hea,2037,160.58644062572256
SWE,Hea,2038,163.11131063627175
SWE,Hea,2039,165.63618064682092
SWE,Hea,2040,168.1610506573701
SWE,Hea,2041,170.58946017863997
SWE,Hea,2042,173.0178696999098
SWE,Hea,2043,175.44627922117965
SWE,Hea,2044,177.87468874244948
SWE,Hea,2045,180.30309826371933
SWE,Hea,2046,182.72048149202047
SWE,Hea,2047,185.1378647203216
SWE,Hea,2048,187.5552479486227
SWE,Hea,2049,189.97263117692384
SWE,Hea,2050,192.39001440522497
AUT,Oth,2020,70.84496224056538
AUT,Oth,2021,71.7617076895879
AUT,Oth,2022,72.6784531386104
AUT,Oth,2023,73.59519858763291
AUT,Oth,2024,74.51194403665541
AUT,Oth,2025,75.42868948567792
AUT,Oth,2026,76.92799939322433
AUT,Oth,2027,78.42730930077073
AUT,Oth,2028,79.92661920831712
AUT,Oth,2029,81.42592911586352
AUT,Oth,2030,82.92523902340993
AUT,Oth,2031,84.08549097750223
AUT,Oth,2032,85.24574293159455
AUT,Oth,2033,86.40599488568685
AUT,Oth,2034,87.56624683977917
AUT,Oth,2035,88.72649879387147
AUT,Oth,2036,89.84496097175912
AUT,Oth,2037,90.96342314964676
AUT,Oth,2038,92.08188532753441
AUT,Oth,2039,93.20034750542204
AUT,Oth,2040,94.3188096833097
AUT,Oth,2041,95.44207486545633
AUT,Oth,2042,96.56534004760299
AUT,Oth,2043,97.68860522974963
AUT,Oth,2044,98.81187041189628
AUT,Oth,2045,99.93513559404292
AUT,Oth,2046,101.01408669564086
AUT,Oth,2047,102.0930377972388
AUT,Oth,2048,103.17198889883672
AUT,Oth,2049,104.25094000043465
AUT,Oth,2050,105.32989110203259
BEL,Oth,2020,120.07733094134942
BEL,Oth,2021,121.84780725476347
BEL,Oth,2022,123.61828356817753
BEL,Oth,2023,125.38875988159158
BEL,Oth,2024,127.15923619500565
BEL,Oth,2025,128.9297125084197
BEL,Oth,2026,131.0752207811673
BEL,Oth,2027,133.2207290539149
BEL,Oth,2028,135.36623732666254
BEL,Oth,2029,137.51174559941015
BEL,Oth,2030,139.65725387215775
BEL,Oth,2031,141.6306628725739
BEL,Oth,2032,143.6040718729901
BEL,Oth,2033,145.57748087340624
BEL,Oth,2034,147.55088987382243
BEL,Oth,2035,149.52429887423858
BEL,Oth,2036,151.36383863792528
BEL,Oth,2037,153.203378401612
BEL,Oth,2038,155.04291816529872
BEL,Oth,2039,156.88245792898545
BEL,Oth,2040,158.72199769267215
BEL,Oth,2041,160.48314430099063
BEL,Oth,2042,162.2442909093091
BEL,Oth,2043,164.00543751762757
BEL,Oth,2044,165.76658412594603
BEL,Oth,2045,167.5277307342645
BEL,Oth,2046,169.28048178736356
BEL,Oth,2047,171.03323284046257
BEL,Oth,2048,172.78598389356162
BEL,Oth,2049,174.53873494666064
BEL,Oth,2050,176.2914859997597
BGR,Oth,2020,9.247887008848888
BGR,Oth,2021,9.472372521192833
BGR,Oth,2022,9.696858033536778
BGR,Oth,2023,9.921343545880724
BGR,Oth,2024,10.145829058224669
BGR,Oth,2025,10.370314570568613
BGR,Oth,2026,10.660959884382587
BGR,Oth,2027,10.95160519819656
BGR,Oth,2028,11.242250512010536
BGR,Oth,2029,11.53289582582451
BGR,Oth,2030,11.823541139638483
BGR,Oth,2031,12.080783601273964
BGR,Oth,2032,12.338026062909444
BGR,Oth,2033,12.595268524544926
BGR,Oth,2034,12.852510986180405
BGR,Oth,2035,13.109753447815887
BGR,Oth,2036,13.32797100439657
BGR,Oth,2037,13.546188560977253
BGR,Oth,2038,13.764406117557938
BGR,Oth,2039,13.98262367413862
BGR,Oth,2040,14.200841230719304
BGR,Oth,2041,14.39340298049228
BGR,Oth,2042,14.585964730265255
BGR,Oth,2043,14.778526480038229
BGR,Oth,2044,14.971088229811205
BGR,Oth,2045,15.16364997958418
BGR,Oth,2046,15.344092394183518
BGR,Oth,2047,15.524534808782855
BGR,Oth,2048,15.70497722338219
BGR,Oth,2049,15.885419637981528
BGR,Oth,2050,16.065862052580865
CYP,Oth,2020,4.0333606369376485
CYP,Oth,2021,4.147663755424817
CYP,Oth,2022,4.261966873911985
CYP,Oth,2023,4.376269992399153
CYP,Oth,2024,4.490573110886321
CYP,Oth,2025,4.604876229373489
CYP,Oth,2026,4.7308654135196715
CYP,Oth,2027,4.856854597665854
CYP,Oth,2028,4.982843781812036
CYP,Oth,2029,5.108832965958219
CYP,Oth,2030,5.234822150104401
CYP,Oth,2031,5.366160014102725
CYP,Oth,2032,5.497497878101048
CYP,Oth,2033,5.628835742099372
CYP,Oth,2034,5.760173606097695
CYP,Oth,2035,5.8915114700960185
CYP,Oth,2036,6.0243936236817905
CYP,Oth,2037,6.1572757772675635
CYP,Oth,2038,6.2901579308533355
CYP,Oth,2039,6.4230400844391085
CYP,Oth,2040,6.5559222380248805
CYP,Oth,2041,6.692190351423984
CYP,Oth,2042,6.828458464823088
CYP,Oth,2043,6.964726578222192
CYP,Oth,2044,7.100994691621295
CYP,Oth,2045,7.237262805020399
CYP,Oth,2046,7.377545910601108
CYP,Oth,2047,7.517829016181817
CYP,Oth,2048,7.658112121762525
CYP,Oth,2049,7.798395227343234
CYP,Oth,2050,7.938678332923943
CZE,Oth,2020,35.014240834541866
CZE,Oth,2021,35.55636477388302
CZE,Oth,2022,36.09848871322417
CZE,Oth,2023,36.640612652565316
CZE,Oth,2024,37.18273659190647
CZE,Oth,2025,37.72486053124762
CZE,Oth,2026,38.37428162617872
CZE,Oth,2027,39.02370272110983
CZE,Oth,2028,39.67312381604093
CZE,Oth,2029,40.322544910972034
CZE,Oth,2030,40.971966005903134
CZE,Oth,2031,41.58918779019972
CZE,Oth,2032,42.20640957449631
CZE,Oth,2033,42.823631358792895
CZE,Oth,2034,43.440853143089484
CZE,Oth,2035,44.05807492738607
CZE,Oth,2036,44.66262405596015
CZE,Oth,2037,45.267173184534236
CZE,Oth,2038,45.871722313108314
CZE,Oth,2039,46.4762714416824
CZE,Oth,2040,47.08082057025648
CZE,Oth,2041,47.663472962970395
CZE,Oth,2042,48.24612535568432
CZE,Oth,2043,48.82877774839824
CZE,Oth,2044,49.41143014111216
CZE,Oth,2045,49.99408253382608
CZE,Oth,2046,50.555985143809814
CZE,Oth,2047,51.11788775379354
CZE,Oth,2048,51.67979036377727
CZE,Oth,2049,52.241692973761
CZE,Oth,2050,52.80359558374473
DEU,Oth,2020,746.5197113814971
DEU,Oth,2021,754.1085533584405
DEU,Oth,2022,761.6973953353839
DEU,Oth,2023,769.2862373123273
DEU,Oth,2024,776.8750792892707
DEU,Oth,2025,784.4639212662141
DEU,Oth,2026,793.076266353412
DEU,Oth,2027,801.68861144061
DEU,Oth,2028,810.3009565278078
DEU,Oth,2029,818.9133016150057
DEU,Oth,2030,827.5256467022036
DEU,Oth,2031,836.5200825937565
DEU,Oth,2032,845.5145184853093
DEU,Oth,2033,854.5089543768621
DEU,Oth,2034,863.5033902684149
DEU,Oth,2035,872.4978261599678
DEU,Oth,2036,882.7511033519057
DEU,Oth,2037,893.0043805438437
DEU,Oth,2038,903.2576577357817
DEU,Oth,2039,913.5109349277196
DEU,Oth,2040,923.7642121196576
DEU,Oth,2041,934.5327922195964
DEU,Oth,2042,945.3013723195353
DEU,Oth,2043,956.0699524194742
DEU,Oth,2044,966.8385325194131
DEU,Oth,2045,977.6071126193519
DEU,Oth,2046,987.9786213807973
DEU,Oth,2047,998.3501301422427
DEU,Oth,2048,1008.721638903688
DEU,Oth,2049,1019.0931476651334
DEU,Oth,2050,1029.4646564265788
DNK,Oth,2020,94.77352230270155
DNK,Oth,2021,96.55119330736659
DNK,Oth,2022,98.32886431203164
DNK,Oth,2023,100.10653531669668
DNK,Oth,2024,101.88420632136173
DNK,Oth,2025,103.66187732602677
DNK,Oth,2026,105.08562411318157
DNK,Oth,2027,106.50937090033636
DNK,Oth,2028,107.93311768749118
DNK,Oth,2029,109.35686447464597
DNK,Oth,2030,110.78061126180077
DNK,Oth,2031,112.17872361357716
DNK,Oth,2032,113.57683596535355
DNK,Oth,2033,114.97494831712993
DNK,Oth,2034,116.37306066890632
DNK,Oth,2035,117.77117302068271
DNK,Oth,2036,119.19917489447747
DNK,Oth,2037,120.62717676827222
DNK,Oth,2038,122.05517864206696
DNK,Oth,2039,123.48318051586172
DNK,Oth,2040,124.91118238965647
DNK,Oth,2041,126.44961559385719
DNK,Oth,2042,127.9880487980579
DNK,Oth,2043,129.52648200225863
DNK,Oth,2044,131.06491520645935
DNK,Oth,2045,132.60334841066006
DNK,Oth,2046,134.2175186211598
DNK,Oth,2047,135.83168883165956
DNK,Oth,2048,137.4458590421593
DNK,Oth,2049,139.06002925265906
DNK,Oth,2050,140.6741994631588
ESP,Oth,2020,245.4076118531956
ESP,Oth,2021,250.0495861808754
ESP,Oth,2022,254.69156050855517
ESP,Oth,2023,259.33353483623495
ESP,Oth,2024,263.97550916391475
ESP,Oth,2025,268.61748349159456
ESP,Oth,2026,272.42487279942526
ESP,Oth,2027,276.232262107256
ESP,Oth,2028,280.0396514150867
ESP,Oth,2029,283.8470407229175
ESP,Oth,2030,287.6544300307482
ESP,Oth,2031,292.6628404706816
ESP,Oth,2032,297.671250910615
ESP,Oth,2033,302.6796613505485
ESP,Oth,2034,307.6880717904819
ESP,Oth,2035,312.6964822304153
ESP,Oth,2036,318.3380410615622
ESP,Oth,2037,323.979599892709
ESP,Oth,2038,329.6211587238559
ESP,Oth,2039,335.2627175550027
ESP,Oth,2040,340.9042763861496
ESP,Oth,2041,346.856461287443
ESP,Oth,2042,352.80864618873636
ESP,Oth,2043,358.7608310900298
ESP,Oth,2044,364.7130159913232
ESP,Oth,2045,370.66520089261655
ESP,Oth,2046,376.78124921000057
ESP,Oth,2047,382.8972975273846
ESP,Oth,2048,389.0133458447686
ESP,Oth,2049,395.1293941621526
ESP,Oth,2050,401.2454424795366
EST,Oth,2020,5.523808142480652
EST,Oth,2021,5.613549581690389
EST,Oth,2022,5.703291020900125
EST,Oth,2023,5.793032460109862
EST,Oth,2024,5.882773899319599
EST,Oth,2025,5.972515338529336
EST,Oth,2026,6.174227587039659
EST,Oth,2027,6.375939835549982
EST,Oth,2028,6.577652084060305
EST,Oth,2029,6.779364332570628
EST,Oth,2030,6.981076581080951
EST,Oth,2031,7.1130361614486945
EST,Oth,2032,7.244995741816437
EST,Oth,2033,7.37695532218418
EST,Oth,2034,7.508914902551923
EST,Oth,2035,7.640874482919666
EST,Oth,2036,7.737920240736074
EST,Oth,2037,7.834965998552482
EST,Oth,2038,7.932011756368889
EST,Oth,2039,8.029057514185297
EST,Oth,2040,8.126103272001705
EST,Oth,2041,8.193010121709776
EST,Oth,2042,8.259916971417848
EST,Oth,2043,8.326823821125918
EST,Oth,2044,8.39373067083399
EST,Oth,2045,8.460637520542061
EST,Oth,2046,8.512036729283443
EST,Oth,2047,8.563435938024824
EST,Oth,2048,8.614835146766204
EST,Oth,2049,8.666234355507585
EST,Oth,2050,8.717633564248967
FIN,Oth,2020,58.962455334453466
FIN,Oth,2021,59.65057963180239
FIN,Oth,2022,60.338703929151315
FIN,Oth,2023,61.026828226500236
FIN,Oth,2024,61.71495252384916
FIN,Oth,2025,62.403076821198084
FIN,Oth,2026,63.302255002257866
FIN,Oth,2027,64.20143318331765
FIN,Oth,2028,65.10061136437741
FIN,Oth,2029,65.9997895454372
FIN,Oth,2030,66.89896772649698
FIN,Oth,2031,67.660652750906
FIN,Oth,2032,68.42233777531501
FIN,Oth,2033,69.18402279972405
FIN,Oth,2034,69.94570782413307
FIN,Oth,2035,70.70739284854209
FIN,Oth,2036,71.48462653229407
FIN,Oth,2037,72.26186021604606
FIN,Oth,2038,73.03909389979806
FIN,Oth,2039,73.81632758355005
FIN,Oth,2040,74.59356126730204
FIN,Oth,2041,75.3841978938171
FIN,Oth,2042,76.17483452033215
FIN,Oth,2043,76.96547114684722
FIN,Oth,2044,77.75610777336227
FIN,Oth,2045,78.54674439987734
FIN,Oth,2046,79.36188485813987
FIN,Oth,2047,80.1770253164024
FIN,Oth,2048,80.99216577466495
FIN,Oth,2049,81.80730623292749
FIN,Oth,2050,82.62244669119002
FRA,Oth,2020,515.5697422437028
FRA,Oth,2021,521.9180401847918
FRA,Oth,2022,528.2663381258809
FRA,Oth,2023,534.6146360669699
FRA,Oth,2024,540.9629340080589
FRA,Oth,2025,547.311231949148
FRA,Oth,2026,556.2866734507498
FRA,Oth,2027,565.2621149523516
FRA,Oth,2028,574.2375564539534
FRA,Oth,2029,583.2129979555551
FRA,Oth,2030,592.188439457157
FRA,Oth,2031,600.1242206117597
FRA,Oth,2032,608.0600017663625
FRA,Oth,2033,615.9957829209651
FRA,Oth,2034,623.9315640755678
FRA,Oth,2035,631.8673452301706
FRA,Oth,2036,639.9381421580194
FRA,Oth,2037,648.0089390858683
FRA,Oth,2038,656.079736013717
FRA,Oth,2039,664.1505329415659
FRA,Oth,2040,672.2213298694147
FRA,Oth,2041,680.4424325194271
FRA,Oth,2042,688.6635351694397
FRA,Oth,2043,696.8846378194521
FRA,Oth,2044,705.1057404694646
FRA,Oth,2045,713.3268431194771
FRA,Oth,2046,721.8350636662939
FRA,Oth,2047,730.3432842131106
FRA,Oth,2048,738.8515047599274
FRA,Oth,2049,747.359725306744
FRA,Oth,2050,755.8679458535609
GBR,Oth,2020,1.0
GBR,Oth,2021,1.0
GBR,Oth,2022,1.0
GBR,Oth,2023,1.0
GBR,Oth,2024,1.0
GBR,Oth,2025,1.0
GBR,Oth,2026,1.0
GBR,Oth,2027,1.0
GBR,Oth,2028,1.0
GBR,Oth,2029,1.0
GBR,Oth,2030,1.0
GBR,Oth,2031,1.0
GBR,Oth,2032,1.0
GBR,Oth,2033,1.0
GBR,Oth,2034,1.0
GBR,Oth,2035,1.0
GBR,Oth,2036,1.0
GBR,Oth,2037,1.0
GBR,Oth,2038,1.0
GBR,Oth,2039,1.0
GBR,Oth,2040,1.0
GBR,Oth,2041,1.0
GBR,Oth,2042,1.0
GBR,Oth,2043,1.0
GBR,Oth,2044,1.0
GBR,Oth,2045,1.0
GBR,Oth,2046,1.0
GBR,Oth,2047,1.0
GBR,Oth,2048,1.0
GBR,Oth,2049,1.0
GBR,Oth,2050,1.0
GRC,Oth,2020,39.82720924593007
GRC,Oth,2021,40.63858278252373
GRC,Oth,2022,41.44995631911738
GRC,Oth,2023,42.26132985571103
GRC,Oth,2024,43.07270339230469
GRC,Oth,2025,43.884076928898345
GRC,Oth,2026,44.76793235497711
GRC,Oth,2027,45.65178778105588
GRC,Oth,2028,46.53564320713464
GRC,Oth,2029,47.41949863321341
GRC,Oth,2030,48.303354059292175
GRC,Oth,2031,49.01503704115747
GRC,Oth,2032,49.726720023022764
GRC,Oth,2033,50.43840300488806
GRC,Oth,2034,51.15008598675335
GRC,Oth,2035,51.86176896861865
GRC,Oth,2036,52.648330889793776
GRC,Oth,2037,53.43489281096891
GRC,Oth,2038,54.22145473214404
GRC,Oth,2039,55.008016653319174
GRC,Oth,2040,55.7945785744943
GRC,Oth,2041,56.57175857761273
GRC,Oth,2042,57.34893858073115
GRC,Oth,2043,58.12611858384958
GRC,Oth,2044,58.903298586968006
GRC,Oth,2045,59.68047859008643
GRC,Oth,2046,60.431034981684945
GRC,Oth,2047,61.18159137328347
GRC,Oth,2048,61.93214776488198
GRC,Oth,2049,62.682704156480504
GRC,Oth,2050,63.43326054807902
HRV,Oth,2020,12.19080496629242
HRV,Oth,2021,12.56709276725821
HRV,Oth,2022,12.943380568223999
HRV,Oth,2023,13.319668369189788
HRV,Oth,2024,13.69595617015558
HRV,Oth,2025,14.072243971121368
HRV,Oth,2026,14.430963054702287
HRV,Oth,2027,14.789682138283206
HRV,Oth,2028,15.148401221864125
HRV,Oth,2029,15.507120305445044
HRV,Oth,2030,15.865839389025963
HRV,Oth,2031,16.114730058302005
HRV,Oth,2032,16.36362072757805
HRV,Oth,2033,16.612511396854092
HRV,Oth,2034,16.861402066130136
HRV,Oth,2035,17.11029273540618
HRV,Oth,2036,17.271747102395707
HRV,Oth,2037,17.433201469385235
HRV,Oth,2038,17.594655836374763
HRV,Oth,2039,17.75611020336429
HRV,Oth,2040,17.917564570353818
HRV,Oth,2041,18.02454739121822
HRV,Oth,2042,18.131530212082623
HRV,Oth,2043,18.238513032947026
HRV,Oth,2044,18.34549585381143
HRV,Oth,2045,18.45247867467583
HRV,Oth,2046,18.526043138864726
HRV,Oth,2047,18.59960760305362
HRV,Oth,2048,18.67317206724252
HRV,Oth,2049,18.746736531431413
HRV,Oth,2050,18.820300995620308
HUN,Oth,2020,31.978016880467944
HUN,Oth,2021,32.755283027610204
HUN,Oth,2022,33.53254917475246
HUN,Oth,2023,34.30981532189472
HUN,Oth,2024,35.087081469036974
HUN,Oth,2025,35.86434761617923
HUN,Oth,2026,36.821724492654695
HUN,Oth,2027,37.77910136913015
HUN,Oth,2028,38.73647824560562
HUN,Oth,2029,39.693855122081075
HUN,Oth,2030,40.65123199855654
HUN,Oth,2031,41.454575423692724
HUN,Oth,2032,42.25791884882891
HUN,Oth,2033,43.06126227396509
HUN,Oth,2034,43.864605699101276
HUN,Oth,2035,44.66794912423746
HUN,Oth,2036,45.3232996327219
HUN,Oth,2037,45.97865014120633
HUN,Oth,2038,46.63400064969077
HUN,Oth,2039,47.2893511581752
HUN,Oth,2040,47.94470166665964
HUN,Oth,2041,48.48416672108648
HUN,Oth,2042,49.02363177551332
HUN,Oth,2043,49.56309682994016
HUN,Oth,2044,50.102561884367
HUN,Oth,2045,50.64202693879384
HUN,Oth,2046,51.11332717184522
HUN,Oth,2047,51.584627404896594
HUN,Oth,2048,52.055927637947974
HUN,Oth,2049,52.52722787099935
HUN,Oth,2050,52.99852810405073
IRL,Oth,2020,65.29270708125088
IRL,Oth,2021,68.59368376922745
IRL,Oth,2022,71.89466045720404
IRL,Oth,2023,75.19563714518061
IRL,Oth,2024,78.4966138331572
IRL,Oth,2025,81.79759052113377
IRL,Oth,2026,84.38348285868406
IRL,Oth,2027,86.96937519623435
IRL,Oth,2028,89.55526753378466
IRL,Oth,2029,92.14115987133495
IRL,Oth,2030,94.72705220888524
IRL,Oth,2031,96.93437610425417
IRL,Oth,2032,99.1416999996231
IRL,Oth,2033,101.34902389499202
IRL,Oth,2034,103.55634779036095
IRL,Oth,2035,105.76367168572988
IRL,Oth,2036,108.22610106436433
IRL,Oth,2037,110.68853044299877
IRL,Oth,2038,113.15095982163322
IRL,Oth,2039,115.61338920026766
IRL,Oth,2040,118.07581857890212
IRL,Oth,2041,120.84912769887613
IRL,Oth,2042,123.62243681885015
IRL,Oth,2043,126.39574593882415
IRL,Oth,2044,129.16905505879816
IRL,Oth,2045,131.94236417877218
IRL,Oth,2046,135.00307150248304
IRL,Oth,2047,138.0637788261939
IRL,Oth,2048,141.12448614990475
IRL,Oth,2049,144.1851934736156
IRL,Oth,2050,147.24590079732647
ITA,Oth,2020,343.30912205079534
ITA,Oth,2021,347.6336667038895
ITA,Oth,2022,351.9582113569836
ITA,Oth,2023,356.2827560100778
ITA,Oth,2024,360.6073006631719
ITA,Oth,2025,364.93184531626605
ITA,Oth,2026,368.57466042118693
ITA,Oth,2027,372.2174755261078
ITA,Oth,2028,375.86029063102876
ITA,Oth,2029,379.50310573594965
ITA,Oth,2030,383.14592084087053
ITA,Oth,2031,387.73870355125814
ITA,Oth,2032,392.33148626164575
ITA,Oth,2033,396.9242689720333
ITA,Oth,2034,401.5170516824209
ITA,Oth,2035,406.1098343928085
ITA,Oth,2036,410.7984132594262
ITA,Oth,2037,415.48699212604384
ITA,Oth,2038,420.1755709926615
ITA,Oth,2039,424.86414985927917
ITA,Oth,2040,429.5527287258968
ITA,Oth,2041,434.3128165066983
ITA,Oth,2042,439.0729042874998
ITA,Oth,2043,443.8329920683012
ITA,Oth,2044,448.5930798491027
ITA,Oth,2045,453.3531676299042
ITA,Oth,2046,457.97986725589124
ITA,Oth,2047,462.6065668818783
ITA,Oth,2048,467.23326650786527
ITA,Oth,2049,471.8599661338523
ITA,Oth,2050,476.48666575983935
LTU,Oth,2020,7.527827952284661
LTU,Oth,2021,7.694185246218998
LTU,Oth,2022,7.860542540153336
LTU,Oth,2023,8.026899834087674
LTU,Oth,2024,8.19325712802201
LTU,Oth,2025,8.359614421956348
LTU,Oth,2026,8.583068976525706
LTU,Oth,2027,8.806523531095065
LTU,Oth,2028,9.029978085664423
LTU,Oth,2029,9.253432640233783
LTU,Oth,2030,9.47688719480314
LTU,Oth,2031,9.58979692426305
LTU,Oth,2032,9.70270665372296
LTU,Oth,2033,9.815616383182869
LTU,Oth,2034,9.928526112642778
LTU,Oth,2035,10.041435842102688
LTU,Oth,2036,10.10592124649465
LTU,Oth,2037,10.170406650886612
LTU,Oth,2038,10.234892055278575
LTU,Oth,2039,10.299377459670536
LTU,Oth,2040,10.363862864062499
LTU,Oth,2041,10.400468867242207
LTU,Oth,2042,10.437074870421917
LTU,Oth,2043,10.473680873601625
LTU,Oth,2044,10.510286876781334
LTU,Oth,2045,10.546892879961042
LTU,Oth,2046,10.555360412978837
LTU,Oth,2047,10.563827945996632
LTU,Oth,2048,10.572295479014429
LTU,Oth,2049,10.580763012032223
LTU,Oth,2050,10.589230545050018
LUX,Oth,2020,17.524701618305286
LUX,Oth,2021,17.89963196148919
LUX,Oth,2022,18.274562304673097
LUX,Oth,2023,18.649492647857002
LUX,Oth,2024,19.024422991040908
LUX,Oth,2025,19.399353334224813
LUX,Oth,2026,19.99895423940151
LUX,Oth,2027,20.59855514457821
LUX,Oth,2028,21.198156049754907
LUX,Oth,2029,21.797756954931607
LUX,Oth,2030,22.397357860108304
LUX,Oth,2031,22.828694399972235
LUX,Oth,2032,23.260030939836167
LUX,Oth,2033,23.691367479700098
LUX,Oth,2034,24.12270401956403
LUX,Oth,2035,24.55404055942796
LUX,Oth,2036,24.904576077964933
LUX,Oth,2037,25.255111596501905
LUX,Oth,2038,25.60564711503888
LUX,Oth,2039,25.956182633575853
LUX,Oth,2040,26.306718152112825
LUX,Oth,2041,26.584248973924
LUX,Oth,2042,26.861779795735174
LUX,Oth,2043,27.13931061754635
LUX,Oth,2044,27.416841439357523
LUX,Oth,2045,27.6943722611687
LUX,Oth,2046,27.946259964709522
LUX,Oth,2047,28.198147668250346
LUX,Oth,2048,28.45003537179117
LUX,Oth,2049,28.701923075331994
LUX,Oth,2050,28.953810778872818
LVA,Oth,2020,5.939009639919248
LVA,Oth,2021,6.052869710500113
LVA,Oth,2022,6.16672978108098
LVA,Oth,2023,6.280589851661845
LVA,Oth,2024,6.394449922242711
LVA,Oth,2025,6.508309992823577
LVA,Oth,2026,6.632373335929221
LVA,Oth,2027,6.756436679034864
LVA,Oth,2028,6.880500022140508
LVA,Oth,2029,7.004563365246151
LVA,Oth,2030,7.128626708351795
LVA,Oth,2031,7.224390710791454
LVA,Oth,2032,7.320154713231114
LVA,Oth,2033,7.415918715670773
LVA,Oth,2034,7.511682718110433
LVA,Oth,2035,7.607446720550092
LVA,Oth,2036,7.68081093208505
LVA,Oth,2037,7.754175143620008
LVA,Oth,2038,7.8275393551549675
LVA,Oth,2039,7.900903566689926
LVA,Oth,2040,7.974267778224884
LVA,Oth,2041,8.026498930606191
LVA,Oth,2042,8.078730082987498
LVA,Oth,2043,8.130961235368805
LVA,Oth,2044,8.183192387750113
LVA,Oth,2045,8.23542354013142
LVA,Oth,2046,8.286208817378805
LVA,Oth,2047,8.33699409462619
LVA,Oth,2048,8.387779371873577
LVA,Oth,2049,8.438564649120963
LVA,Oth,2050,8.489349926368348
MLT,Oth,2020,4.501437028033869
MLT,Oth,2021,4.682459811289551
MLT,Oth,2022,4.863482594545234
MLT,Oth,2023,5.044505377800916
MLT,Oth,2024,5.225528161056599
MLT,Oth,2025,5.406550944312281
MLT,Oth,2026,5.608147414120393
MLT,Oth,2027,5.809743883928505
MLT,Oth,2028,6.0113403537366175
MLT,Oth,2029,6.212936823544729
MLT,Oth,2030,6.414533293352841
MLT,Oth,2031,6.606523418839308
MLT,Oth,2032,6.798513544325775
MLT,Oth,2033,6.990503669812243
MLT,Oth,2034,7.1824937952987105
MLT,Oth,2035,7.374483920785178
MLT,Oth,2036,7.532047607279468
MLT,Oth,2037,7.6896112937737575
MLT,Oth,2038,7.847174980268048
MLT,Oth,2039,8.004738666762337
MLT,Oth,2040,8.162302353256628
MLT,Oth,2041,8.297279227074187
MLT,Oth,2042,8.432256100891745
MLT,Oth,2043,8.567232974709304
MLT,Oth,2044,8.702209848526863
MLT,Oth,2045,8.837186722344422
MLT,Oth,2046,8.957342100070303
MLT,Oth,2047,9.077497477796184
MLT,Oth,2048,9.197652855522067
MLT,Oth,2049,9.317808233247948
MLT,Oth,2050,9.43796361097383
NLD,Oth,2020,216.13956870268518
NLD,Oth,2021,219.71494152620883
NLD,Oth,2022,223.29031434973248
NLD,Oth,2023,226.86568717325616
NLD,Oth,2024,230.4410599967798
NLD,Oth,2025,234.01643282030346
NLD,Oth,2026,238.5510652312637
NLD,Oth,2027,243.08569764222395
NLD,Oth,2028,247.62033005318418
NLD,Oth,2029,252.15496246414443
NLD,Oth,2030,256.68959487510466
NLD,Oth,2031,260.4062102855022
NLD,Oth,2032,264.12282569589973
NLD,Oth,2033,267.83944110629733
NLD,Oth,2034,271.55605651669487
NLD,Oth,2035,275.2726719270924
NLD,Oth,2036,278.8162786165944
NLD,Oth,2037,282.3598853060964
NLD,Oth,2038,285.9034919955984
NLD,Oth,2039,289.4470986851004
NLD,Oth,2040,292.9907053746024
NLD,Oth,2041,296.42937369611195
NLD,Oth,2042,299.8680420176215
NLD,Oth,2043,303.3067103391311
NLD,Oth,2044,306.74537866064065
NLD,Oth,2045,310.1840469821502
NLD,Oth,2046,313.4654072955437
NLD,Oth,2047,316.74676760893715
NLD,Oth,2048,320.0281279223306
NLD,Oth,2049,323.3094882357241
NLD,Oth,2050,326.59084854911754
POL,Oth,2020,87.16027809880869
POL,Oth,2021,89.7024796483885
POL,Oth,2022,92.24468119796832
POL,Oth,2023,94.78688274754812
POL,Oth,2024,97.32908429712793
POL,Oth,2025,99.87128584670775
POL,Oth,2026,103.20763055012748
POL,Oth,2027,106.54397525354719
POL,Oth,2028,109.88031995696691
POL,Oth,2029,113.21666466038663
POL,Oth,2030,116.55300936380635
POL,Oth,2031,119.18059415315815
POL,Oth,2032,121.80817894250997
POL,Oth,2033,124.43576373186177
POL,Oth,2034,127.06334852121358
POL,Oth,2035,129.69093331056538
POL,Oth,2036,131.89143497817048
POL,Oth,2037,134.09193664577558
POL,Oth,2038,136.29243831338067
POL,Oth,2039,138.49293998098577
POL,Oth,2040,140.69344164859086
POL,Oth,2041,142.18388694084456
POL,Oth,2042,143.67433223309823
POL,Oth,2043,145.16477752535192
POL,Oth,2044,146.6552228176056
POL,Oth,2045,148.1456681098593
POL,Oth,2046,149.3311904973685
POL,Oth,2047,150.51671288487773
POL,Oth,2048,151.702235272387
POL,Oth,2049,152.8877576598962
POL,Oth,2050,154.07328004740543
PRT,Oth,2020,45.1644547195307
PRT,Oth,2021,46.12518763800331
PRT,Oth,2022,47.085920556475926
PRT,Oth,2023,48.046653474948535
PRT,Oth,2024,49.00738639342115
PRT,Oth,2025,49.96811931189376
PRT,Oth,2026,50.93433993813444
PRT,Oth,2027,51.900560564375134
PRT,Oth,2028,52.86678119061582
PRT,Oth,2029,53.83300181685651
PRT,Oth,2030,54.79922244309719
PRT,Oth,2031,55.739779350476674
PRT,Oth,2032,56.680336257856155
PRT,Oth,2033,57.62089316523564
PRT,Oth,2034,58.56145007261512
PRT,Oth,2035,59.502006979994604
PRT,Oth,2036,60.472315196040796
PRT,Oth,2037,61.44262341208698
PRT,Oth,2038,62.41293162813317
PRT,Oth,2039,63.38323984417936
PRT,Oth,2040,64.35354806022555
PRT,Oth,2041,65.29192786427188
PRT,Oth,2042,66.23030766831823
PRT,Oth,2043,67.16868747236457
PRT,Oth,2044,68.10706727641092
PRT,Oth,2045,69.04544708045725
PRT,Oth,2046,69.96790386765936
PRT,Oth,2047,70.89036065486145
PRT,Oth,2048,71.81281744206356
PRT,Oth,2049,72.73527422926566
PRT,Oth,2050,73.65773101646776
ROU,Oth,2020,29.873134724275523
ROU,Oth,2021,30.746435368861125
ROU,Oth,2022,31.619736013446726
ROU,Oth,2023,32.493036658032324
ROU,Oth,2024,33.36633730261793
ROU,Oth,2025,34.239637947203526
ROU,Oth,2026,35.09789387837047
ROU,Oth,2027,35.95614980953741
ROU,Oth,2028,36.81440574070435
ROU,Oth,2029,37.67266167187129
ROU,Oth,2030,38.53091760303823
ROU,Oth,2031,39.25550220960079
ROU,Oth,2032,39.98008681616335
ROU,Oth,2033,40.70467142272591
ROU,Oth,2034,41.42925602928847
ROU,Oth,2035,42.153840635851026
ROU,Oth,2036,42.70677645577002
ROU,Oth,2037,43.259712275689004
ROU,Oth,2038,43.812648095608
ROU,Oth,2039,44.36558391552698
ROU,Oth,2040,44.918519735445976
ROU,Oth,2041,45.315287515724975
ROU,Oth,2042,45.712055296003975
ROU,Oth,2043,46.108823076282974
ROU,Oth,2044,46.50559085656197
ROU,Oth,2045,46.90235863684097
ROU,Oth,2046,47.19921422160712
ROU,Oth,2047,47.49606980637327
ROU,Oth,2048,47.79292539113942
ROU,Oth,2049,48.08978097590557
ROU,Oth,2050,48.38663656067172
SVK,Oth,2020,13.47703092316241
SVK,Oth,2021,13.717874293688231
SVK,Oth,2022,13.958717664214051
SVK,Oth,2023,14.199561034739872
SVK,Oth,2024,14.440404405265692
SVK,Oth,2025,14.681247775791514
SVK,Oth,2026,15.001837799770774
SVK,Oth,2027,15.322427823750035
SVK,Oth,2028,15.643017847729297
SVK,Oth,2029,15.963607871708557
SVK,Oth,2030,16.284197895687818
SVK,Oth,2031,16.60646636271139
SVK,Oth,2032,16.92873482973496
SVK,Oth,2033,17.251003296758533
SVK,Oth,2034,17.573271763782103
SVK,Oth,2035,17.895540230805675
SVK,Oth,2036,18.210824391769236
SVK,Oth,2037,18.526108552732794
SVK,Oth,2038,18.841392713696354
SVK,Oth,2039,19.15667687465991
SVK,Oth,2040,19.471961035623472
SVK,Oth,2041,19.750754120642345
SVK,Oth,2042,20.02954720566122
SVK,Oth,2043,20.308340290680093
SVK,Oth,2044,20.58713337569897
SVK,Oth,2045,20.86592646071784
SVK,Oth,2046,21.131876213679355
SVK,Oth,2047,21.39782596664087
SVK,Oth,2048,21.663775719602388
SVK,Oth,2049,21.929725472563902
SVK,Oth,2050,22.195675225525417
SVN,Oth,2020,10.06631590836927
SVN,Oth,2021,10.310747659456437
SVN,Oth,2022,10.555179410543603
SVN,Oth,2023,10.799611161630768
SVN,Oth,2024,11.044042912717934
SVN,Oth,2025,11.2884746638051
SVN,Oth,2026,11.5623480186444
SVN,Oth,2027,11.8362213734837
SVN,Oth,2028,12.110094728323
SVN,Oth,2029,12.3839680831623
SVN,Oth,2030,12.657841438001599
SVN,Oth,2031,12.870955877559965
SVN,Oth,2032,13.08407031711833
SVN,Oth,2033,13.297184756676694
SVN,Oth,2034,13.51029919623506
SVN,Oth,2035,13.723413635793426
SVN,Oth,2036,13.892125645444374
SVN,Oth,2037,14.060837655095323
SVN,Oth,2038,14.229549664746271
SVN,Oth,2039,14.39826167439722
SVN,Oth,2040,14.566973684048168
SVN,Oth,2041,14.696205929885986
SVN,Oth,2042,14.825438175723804
SVN,Oth,2043,14.954670421561623
SVN,Oth,2044,15.08390266739944
SVN,Oth,2045,15.213134913237258
SVN,Oth,2046,15.338804513749526
SVN,Oth,2047,15.464474114261794
SVN,Oth,2048,15.59014371477406
SVN,Oth,2049,15.715813315286328
SVN,Oth,2050,15.841482915798595
SWE,Oth,2020,115.4586024365574
SWE,Oth,2021,117.37779313496218
SWE,Oth,2022,119.29698383336697
SWE,Oth,2023,121.21617453177174
SWE,Oth,2024,123.13536523017653
SWE,Oth,2025,125.05455592858131
SWE,Oth,2026,128.36455784133238
SWE,Oth,2027,131.67455975408348
SWE,Oth,2028,134.98456166683454
SWE,Oth,2029,138.2945635795856
SWE,Oth,2030,141.6045654923367
SWE,Oth,2031,144.3909925147942
SWE,Oth,2032,147.1774195372517
SWE,Oth,2033,149.9638465597092
SWE,Oth,2034,152.7502735821667
SWE,Oth,2035,155.5367006046242
SWE,Oth,2036,158.0615706151734
SWE,Oth,2037,160.58644062572256
SWE,Oth,2038,163.11131063627175
SWE,Oth,2039,165.63618064682092
SWE,Oth,2040,168.1610506573701
SWE,Oth,2041,170.58946017863997
SWE,Oth,2042,173.0178696999098
SWE,Oth,2043,175.44627922117965
SWE,Oth,2044,177.87468874244948
SWE,Oth,2045,180.30309826371933
SWE,Oth,2046,182.72048149202047
SWE,Oth,2047,185.1378647203216
SWE,Oth,2048,187.5552479486227
SWE,Oth,2049,189.97263117692384
SWE,Oth,2050,192.39001440522497
